ISO-10303-21;
HEADER;
FILE_DESCRIPTION (( 'STEP AP214' ),
    '1' );
FILE_NAME ('MIC2288YD5-TR.STEP',
    '2022-08-17T21:26:09',
    ( '' ),
    ( '' ),
    'SwSTEP 2.0',
    'SolidWorks 2017',
    '' );
FILE_SCHEMA (( 'AUTOMOTIVE_DESIGN' ));
ENDSEC;

DATA;
#1 = ORIENTED_EDGE ( 'NONE', *, *, #456, .F. ) ;
#2 = ADVANCED_FACE ( 'NONE', ( #3176 ), #1886, .T. ) ;
#3 = AXIS2_PLACEMENT_3D ( 'NONE', #902, #363, #2932 ) ;
#4 = ORIENTED_EDGE ( 'NONE', *, *, #740, .F. ) ;
#5 = CARTESIAN_POINT ( 'NONE',  ( 0.6934249533774988800, 0.9915602775868871400, -1.308583633677790100 ) ) ;
#6 = DIRECTION ( 'NONE',  ( -9.019168743805710700E-016, 1.000000000000000000, -0.0000000000000000000 ) ) ;
#7 = ORIENTED_EDGE ( 'NONE', *, *, #815, .T. ) ;
#8 = DIRECTION ( 'NONE',  ( 0.03489949670249463400, -0.9993908270190958700, 0.0000000000000000000 ) ) ;
#9 = ORIENTED_EDGE ( 'NONE', *, *, #2642, .T. ) ;
#10 = CARTESIAN_POINT ( 'NONE',  ( -0.8824217513349343900, 0.6079999999999931000, 1.149999999999999900 ) ) ;
#11 = EDGE_CURVE ( 'NONE', #1128, #1968, #356, .T. ) ;
#12 = CIRCLE ( 'NONE', #575, 0.2445782486650653900 ) ;
#13 = PLANE ( 'NONE',  #2889 ) ;
#14 = EDGE_CURVE ( 'NONE', #2021, #2213, #2492, .T. ) ;
#15 = LINE ( 'NONE', #2971, #3277 ) ;
#16 = ORIENTED_EDGE ( 'NONE', *, *, #3142, .F. ) ;
#17 = VECTOR ( 'NONE', #284, 1000.000000000000000 ) ;
#18 = AXIS2_PLACEMENT_3D ( 'NONE', #2886, #1896, #836 ) ;
#19 = VECTOR ( 'NONE', #1742, 1000.000000000000000 ) ;
#20 = CARTESIAN_POINT ( 'NONE',  ( 1.395567763918783600, 8.544611162700630100E-017, 0.7500000000000000000 ) ) ;
#21 = DIRECTION ( 'NONE',  ( 0.0000000000000000000, 1.000000000000000000, 0.0000000000000000000 ) ) ;
#22 = VECTOR ( 'NONE', #2432, 1000.000000000000200 ) ;
#23 = VERTEX_POINT ( 'NONE', #3327 ) ;
#24 = DIRECTION ( 'NONE',  ( 0.9993908270190958700, -0.03489949670249473800, -0.0000000000000000000 ) ) ;
#25 = ORIENTED_EDGE ( 'NONE', *, *, #1668, .F. ) ;
#26 =( BOUNDED_CURVE ( )  B_SPLINE_CURVE ( 3, ( #1988, #2764, #2217, #942 ),
 .UNSPECIFIED., .F., .F. ) 
 B_SPLINE_CURVE_WITH_KNOTS ( ( 4, 4 ),
 ( 0.1745329251994289500, 1.570796326794896600 ),
 .UNSPECIFIED. ) 
 CURVE ( )  GEOMETRIC_REPRESENTATION_ITEM ( )  RATIONAL_B_SPLINE_CURVE ( ( 1.000000000000000000, 0.8440296287459845300, 0.8440296287459845300, 1.000000000000000000 ) ) 
 REPRESENTATION_ITEM ( '' )  );
#27 = DIRECTION ( 'NONE',  ( 1.000000000000000000, -1.315432097626352800E-015, -0.0000000000000000000 ) ) ;
#28 = CYLINDRICAL_SURFACE ( 'NONE', #644, 0.1375000000000000400 ) ;
#29 = ORIENTED_EDGE ( 'NONE', *, *, #1117, .T. ) ;
#30 = PLANE ( 'NONE',  #1587 ) ;
#31 = FACE_OUTER_BOUND ( 'NONE', #1038, .T. ) ;
#32 = ORIENTED_EDGE ( 'NONE', *, *, #3181, .F. ) ;
#33 = CYLINDRICAL_SURFACE ( 'NONE', #499, 0.1175782486650656700 ) ;
#34 = EDGE_CURVE ( 'NONE', #472, #1548, #3015, .T. ) ;
#35 = DIRECTION ( 'NONE',  ( 9.019168743805710700E-016, -1.000000000000000000, 0.0000000000000000000 ) ) ;
#36 = DIRECTION ( 'NONE',  ( -1.000000000000000000, 0.0000000000000000000, 0.0000000000000000000 ) ) ;
#37 = DIRECTION ( 'NONE',  ( -0.9993908270190958700, 0.03489949670249439800, -0.0000000000000000000 ) ) ;
#38 = VECTOR ( 'NONE', #1070, 1000.000000000000000 ) ;
#39 = EDGE_CURVE ( 'NONE', #2712, #1271, #1456, .T. ) ;
#40 = VERTEX_POINT ( 'NONE', #2328 ) ;
#41 =( LENGTH_UNIT ( ) NAMED_UNIT ( * ) SI_UNIT ( .MILLI., .METRE. ) );
#42 = CARTESIAN_POINT ( 'NONE',  ( -0.8824217513349343900, 0.4904217513349274400, 1.149999999999999900 ) ) ;
#43 = ORIENTED_EDGE ( 'NONE', *, *, #740, .T. ) ;
#44 = CARTESIAN_POINT ( 'NONE',  ( 0.8824217513349346100, 0.4904217513349276600, 1.149999999999999900 ) ) ;
#45 = VERTEX_POINT ( 'NONE', #762 ) ;
#46 = DIRECTION ( 'NONE',  ( 0.0000000000000000000, -1.000000000000000000, 0.0000000000000000000 ) ) ;
#47 = DIRECTION ( 'NONE',  ( -0.0000000000000000000, -0.0000000000000000000, -1.000000000000000000 ) ) ;
#48 = CARTESIAN_POINT ( 'NONE',  ( -0.8824217513349343900, 0.4904217513349274400, -1.149999999999999900 ) ) ;
#49 = PRESENTATION_STYLE_ASSIGNMENT (( #2027 ) ) ;
#50 = CARTESIAN_POINT ( 'NONE',  ( -0.8824217513349343900, 0.4904217513349274400, 1.149999999999999900 ) ) ;
#51 = CARTESIAN_POINT ( 'NONE',  ( 1.395567763918783600, 8.544611162700630100E-017, -1.149999999999999900 ) ) ;
#52 = LINE ( 'NONE', #1940, #2698 ) ;
#53 = LINE ( 'NONE', #2560, #3077 ) ;
#54 = EDGE_LOOP ( 'NONE', ( #2885, #2998 ) ) ;
#55 =( GEOMETRIC_REPRESENTATION_CONTEXT ( 3 ) GLOBAL_UNCERTAINTY_ASSIGNED_CONTEXT ( ( #3215 ) ) GLOBAL_UNIT_ASSIGNED_CONTEXT ( ( #2282, #1003, #1490 ) ) REPRESENTATION_CONTEXT ( 'NONE', 'WORKASPACE' ) );
#56 = CARTESIAN_POINT ( 'NONE',  ( 0.0000000000000000000, 1.000000000000000000, 0.0000000000000000000 ) ) ;
#57 = FACE_OUTER_BOUND ( 'NONE', #629, .T. ) ;
#58 = DIRECTION ( 'NONE',  ( -0.0000000000000000000, 1.000000000000000000, -0.0000000000000000000 ) ) ;
#59 = EDGE_CURVE ( 'NONE', #2379, #2752, #966, .T. ) ;
#60 = CYLINDRICAL_SURFACE ( 'NONE', #1653, 0.1000000000000000500 ) ;
#61 = ORIENTED_EDGE ( 'NONE', *, *, #59, .T. ) ;
#62 = CARTESIAN_POINT ( 'NONE',  ( -1.240474826963494000, 0.1324933768271629200, -0.7500000000000000000 ) ) ;
#63 = LINE ( 'NONE', #98, #2709 ) ;
#64 = ORIENTED_EDGE ( 'NONE', *, *, #1909, .F. ) ;
#65 = DIRECTION ( 'NONE',  ( 0.0000000000000000000, 0.0000000000000000000, 1.000000000000000000 ) ) ;
#66 = PLANE ( 'NONE',  #2215 ) ;
#67 = SURFACE_STYLE_FILL_AREA ( #2063 ) ;
#68 = ORIENTED_EDGE ( 'NONE', *, *, #2604, .F. ) ;
#69 = CARTESIAN_POINT ( 'NONE',  ( 0.8824217513349346100, 0.4904217513349276600, 0.1999999999999999800 ) ) ;
#70 = CARTESIAN_POINT ( 'NONE',  ( 1.000000000000000200, 0.4904217513349276600, -1.149999999999999900 ) ) ;
#71 = LINE ( 'NONE', #2152, #2115 ) ;
#72 = CLOSED_SHELL ( 'NONE', ( #2064, #1986, #732, #2334, #2629, #1895, #470, #201, #1779, #2996, #3150, #1734, #2734, #780 ) ) ;
#73 = CARTESIAN_POINT ( 'NONE',  ( -0.6498258495991766600, 0.1000000000000000300, -1.282343410411572500 ) ) ;
#74 = ORIENTED_EDGE ( 'NONE', *, *, #1183, .F. ) ;
#75 = EDGE_CURVE ( 'NONE', #2833, #2004, #77, .T. ) ;
#76 = DIRECTION ( 'NONE',  ( 1.000000000000000000, 0.0000000000000000000, 0.0000000000000000000 ) ) ;
#77 = LINE ( 'NONE', #1027, #591 ) ;
#78 = ORIENTED_EDGE ( 'NONE', *, *, #919, .F. ) ;
#79 = EDGE_CURVE ( 'NONE', #2542, #605, #2563, .T. ) ;
#80 = ORIENTED_EDGE ( 'NONE', *, *, #648, .T. ) ;
#81 = DIRECTION ( 'NONE',  ( -0.1710878697460326000, -0.9702875252478149200, 0.1710878697460326000 ) ) ;
#82 = EDGE_LOOP ( 'NONE', ( #416, #1908, #1726, #1744 ) ) ;
#83 = CARTESIAN_POINT ( 'NONE',  ( -0.6511361245076767700, 0.1826351822333073200, 1.374996705983592100 ) ) ;
#84 = ORIENTED_EDGE ( 'NONE', *, *, #524, .T. ) ;
#85 = CARTESIAN_POINT ( 'NONE',  ( 0.7999999999999999300, 0.6079999999999934300, 0.7500000000000000000 ) ) ;
#86 = DIRECTION ( 'NONE',  ( 0.9993908270190958700, 0.03489949670249473100, 0.0000000000000000000 ) ) ;
#87 = FACE_OUTER_BOUND ( 'NONE', #1599, .T. ) ;
#88 = DIRECTION ( 'NONE',  ( 0.0000000000000000000, 0.0000000000000000000, 1.000000000000000000 ) ) ;
#89 = CARTESIAN_POINT ( 'NONE',  ( 1.000000000000000000, 0.2500000000000004400, -0.7500000000000000000 ) ) ;
#90 = DIRECTION ( 'NONE',  ( -0.0000000000000000000, -0.0000000000000000000, -1.000000000000000000 ) ) ;
#91 = CARTESIAN_POINT ( 'NONE',  ( -0.6323434104115728300, 0.1000000000000000300, -1.299825849599176100 ) ) ;
#92 = LINE ( 'NONE', #1922, #3029 ) ;
#93 = ORIENTED_EDGE ( 'NONE', *, *, #180, .T. ) ;
#94 = VECTOR ( 'NONE', #2472, 1000.000000000000000 ) ;
#95 = LINE ( 'NONE', #2837, #3037 ) ;
#96 = VERTEX_POINT ( 'NONE', #1532 ) ;
#97 = EDGE_CURVE ( 'NONE', #269, #3186, #1973, .T. ) ;
#98 = CARTESIAN_POINT ( 'NONE',  ( -1.395567763918783100, -2.563694073882670400E-016, 0.7500000000000000000 ) ) ;
#99 = VECTOR ( 'NONE', #1669, 1000.000000000000000 ) ;
#100 = VECTOR ( 'NONE', #3089, 1000.000000000000000 ) ;
#101 = CARTESIAN_POINT ( 'NONE',  ( -1.244578248665065600, 0.2499999999999997800, -1.149999999999999900 ) ) ;
#102 = PLANE ( 'NONE',  #1349 ) ;
#103 = AXIS2_PLACEMENT_3D ( 'NONE', #587, #2731, #1194 ) ;
#104 = FACE_OUTER_BOUND ( 'NONE', #2693, .T. ) ;
#105 = ORIENTED_EDGE ( 'NONE', *, *, #1468, .T. ) ;
#106 = ORIENTED_EDGE ( 'NONE', *, *, #1624, .T. ) ;
#107 = CARTESIAN_POINT ( 'NONE',  ( -0.6511361245076768800, 0.1956587955583268800, 1.301136124507676500 ) ) ;
#108 = LINE ( 'NONE', #2960, #306 ) ;
#109 = VERTEX_POINT ( 'NONE', #1346 ) ;
#110 = CYLINDRICAL_SURFACE ( 'NONE', #1899, 0.1000000000000000500 ) ;
#111 = EDGE_CURVE ( 'NONE', #248, #542, #2534, .T. ) ;
#112 = EDGE_LOOP ( 'NONE', ( #2146, #865, #1585, #1152 ) ) ;
#113 = AXIS2_PLACEMENT_3D ( 'NONE', #825, #81, #3148 ) ;
#114 = DIRECTION ( 'NONE',  ( 1.000000000000000000, 0.0000000000000000000, -0.0000000000000000000 ) ) ;
#115 = EDGE_CURVE ( 'NONE', #1460, #1541, #389, .T. ) ;
#116 = DIRECTION ( 'NONE',  ( -1.000000000000000000, 0.0000000000000000000, 0.0000000000000000000 ) ) ;
#117 = ORIENTED_EDGE ( 'NONE', *, *, #395, .T. ) ;
#118 = STYLED_ITEM ( 'NONE', ( #1747 ), #1380 ) ;
#119 = CARTESIAN_POINT ( 'NONE',  ( -0.7776064734500255400, 0.7349999999999929900, -0.7500000000000000000 ) ) ;
#120 =( BOUNDED_CURVE ( )  B_SPLINE_CURVE ( 3, ( #2304, #2273, #1769, #2803 ),
 .UNSPECIFIED., .F., .F. ) 
 B_SPLINE_CURVE_WITH_KNOTS ( ( 4, 4 ),
 ( 0.1745329251994302800, 1.570796326794896600 ),
 .UNSPECIFIED. ) 
 CURVE ( )  GEOMETRIC_REPRESENTATION_ITEM ( )  RATIONAL_B_SPLINE_CURVE ( ( 1.000000000000000000, 0.8440296287459847500, 0.8440296287459847500, 1.000000000000000000 ) ) 
 REPRESENTATION_ITEM ( '' )  );
#121 = FACE_OUTER_BOUND ( 'NONE', #54, .T. ) ;
#122 = LINE ( 'NONE', #816, #607 ) ;
#123 = ORIENTED_EDGE ( 'NONE', *, *, #2989, .F. ) ;
#124 = LINE ( 'NONE', #677, #2221 ) ;
#125 = CARTESIAN_POINT ( 'NONE',  ( 0.7261394185240842600, 0.6079999999999931000, 1.450000000000000000 ) ) ;
#126 = EDGE_CURVE ( 'NONE', #398, #2712, #3254, .T. ) ;
#127 = CARTESIAN_POINT ( 'NONE',  ( 0.7999999999999974900, 0.6080000000000012100, -1.419671808978413100 ) ) ;
#128 = FACE_OUTER_BOUND ( 'NONE', #1974, .T. ) ;
#129 = ORIENTED_EDGE ( 'NONE', *, *, #11, .F. ) ;
#130 = DIRECTION ( 'NONE',  ( 0.1710878697460323800, 0.9702875252478151400, -0.1710878697460324100 ) ) ;
#131 = EDGE_CURVE ( 'NONE', #655, #1535, #3304, .T. ) ;
#132 = DIRECTION ( 'NONE',  ( 0.0000000000000000000, 1.000000000000000000, 0.0000000000000000000 ) ) ;
#133 = ORIENTED_EDGE ( 'NONE', *, *, #1785, .T. ) ;
#134 = PLANE ( 'NONE',  #1663 ) ;
#135 = DIRECTION ( 'NONE',  ( -0.03489949670249498800, 0.9993908270190959800, 0.0000000000000000000 ) ) ;
#136 = ORIENTED_EDGE ( 'NONE', *, *, #1688, .F. ) ;
#137 = ADVANCED_FACE ( 'NONE', ( #2763 ), #559, .F. ) ;
#138 = ADVANCED_FACE ( 'NONE', ( #2162 ), #1853, .T. ) ;
#139 = CARTESIAN_POINT ( 'NONE',  ( 1.244578248665065600, 0.2500000000000001100, -0.7500000000000000000 ) ) ;
#140 = FACE_OUTER_BOUND ( 'NONE', #1821, .T. ) ;
#141 = CARTESIAN_POINT ( 'NONE',  ( -1.000000000000000200, 0.4904217513349274400, 0.7500000000000000000 ) ) ;
#142 = ORIENTED_EDGE ( 'NONE', *, *, #2873, .T. ) ;
#143 = CARTESIAN_POINT ( 'NONE',  ( -0.8021619774510251300, 0.6202611834124308600, 1.378301395975109100 ) ) ;
#144 = EDGE_LOOP ( 'NONE', ( #558, #661, #2297, #1492 ) ) ;
#145 = CARTESIAN_POINT ( 'NONE',  ( 1.000000000000000200, 0.4904217513349276600, -0.7500000000000000000 ) ) ;
#146 = FACE_OUTER_BOUND ( 'NONE', #504, .T. ) ;
#147 = ADVANCED_FACE ( 'NONE', ( #146 ), #3121, .F. ) ;
#148 = ORIENTED_EDGE ( 'NONE', *, *, #2160, .T. ) ;
#149 = DIRECTION ( 'NONE',  ( -1.000000000000000000, -9.019168743805722600E-016, 0.0000000000000000000 ) ) ;
#150 = CARTESIAN_POINT ( 'NONE',  ( -0.7776064734500255400, 0.7349999999999929900, -1.149999999999999900 ) ) ;
#151 = AXIS2_PLACEMENT_3D ( 'NONE', #2226, #1970, #953 ) ;
#152 = ORIENTED_EDGE ( 'NONE', *, *, #1914, .T. ) ;
#153 = CARTESIAN_POINT ( 'NONE',  ( 1.399999999999999900, 0.1269226350314252800, -0.7500000000000000000 ) ) ;
#154 = CARTESIAN_POINT ( 'NONE',  ( 1.399999999999999900, 0.1269226350314252800, -1.149999999999999900 ) ) ;
#155 = ORIENTED_EDGE ( 'NONE', *, *, #1979, .T. ) ;
#156 = CARTESIAN_POINT ( 'NONE',  ( -0.6469698604445537300, 1.000000000000000000, -1.296969860444553400 ) ) ;
#157 = ORIENTED_EDGE ( 'NONE', *, *, #1909, .T. ) ;
#158 = ADVANCED_FACE ( 'NONE', ( #2806 ), #3345, .T. ) ;
#159 = CARTESIAN_POINT ( 'NONE',  ( 1.395567763918783600, 8.544611162700630100E-017, 1.149999999999999900 ) ) ;
#160 = CARTESIAN_POINT ( 'NONE',  ( 0.7776064734500255400, 0.7349999999999932100, 0.7500000000000000000 ) ) ;
#161 =( BOUNDED_SURFACE ( )  B_SPLINE_SURFACE ( 3, 2, ( 
 ( #2194, #2977, #3232 ),
 ( #662, #413, #1214 ),
 ( #2732, #1732, #674 ),
 ( #2254, #191, #2504 ),
 ( #170, #980, #2240 ),
 ( #2766, #2531, #3285 ) ),
 .UNSPECIFIED., .F., .F., .F. ) 
 B_SPLINE_SURFACE_WITH_KNOTS ( ( 4, 2, 4 ),
 ( 3, 3 ),
 ( 6.457718232379015400, 7.155849933176749100, 7.853981633974482800 ),
 ( 0.0000000000000000000, 1.000000000000000000 ),
 .UNSPECIFIED. ) 
 GEOMETRIC_REPRESENTATION_ITEM ( )  RATIONAL_B_SPLINE_SURFACE ( (
 ( 1.000000000000000000, 0.7176885430348755000, 1.000000000000000000),
 ( 1.000000000000000000, 0.7454573872795476900, 1.000000000000000000),
 ( 1.000000000000000000, 0.8264515659729830800, 1.000000000000000000),
 ( 1.000000000000000000, 0.9550220312680538500, 1.000000000000000000),
 ( 1.000000000000000000, 1.001678127009426400, 1.000000000000000000),
 ( 1.000000000000000000, 1.000000000000000000, 1.000000000000000000) ) ) 
 REPRESENTATION_ITEM ( '' )  SURFACE ( )  );
#162 = AXIS2_PLACEMENT_3D ( 'NONE', #1237, #684, #1961 ) ;
#163 = CARTESIAN_POINT ( 'NONE',  ( -0.4250000000000001600, 1.000000000000000000, -1.075000000000000000 ) ) ;
#164 = CARTESIAN_POINT ( 'NONE',  ( -0.7131505157330302300, 0.1326558613696042200, 1.363150515733027300 ) ) ;
#165 = CIRCLE ( 'NONE', #1677, 0.1175782486650656700 ) ;
#166 = CARTESIAN_POINT ( 'NONE',  ( 0.6693859670110026100, 0.9673648177666928100, -1.386634286710351400 ) ) ;
#167 = LINE ( 'NONE', #2136, #2102 ) ;
#168 = DIRECTION ( 'NONE',  ( -0.0000000000000000000, -0.0000000000000000000, -1.000000000000000000 ) ) ;
#169 = LINE ( 'NONE', #428, #94 ) ;
#170 = CARTESIAN_POINT ( 'NONE',  ( 0.6702797793613598500, 1.000000000000000000, 1.302797340173755100 ) ) ;
#171 = PLANE ( 'NONE',  #3127 ) ;
#172 = FACE_OUTER_BOUND ( 'NONE', #1897, .T. ) ;
#173 = DIRECTION ( 'NONE',  ( 1.000000000000000000, 0.0000000000000000000, -0.0000000000000000000 ) ) ;
#174 = ORIENTED_EDGE ( 'NONE', *, *, #2382, .F. ) ;
#175 = EDGE_CURVE ( 'NONE', #573, #3042, #1576, .T. ) ;
#176 = VECTOR ( 'NONE', #1650, 1000.000000000000000 ) ;
#177 = CARTESIAN_POINT ( 'NONE',  ( -0.6934249533775006500, 0.9915602775868858100, -1.308583633677790500 ) ) ;
#178 = CIRCLE ( 'NONE', #1715, 0.1175782486650656700 ) ;
#179 = VERTEX_POINT ( 'NONE', #2110 ) ;
#180 = EDGE_CURVE ( 'NONE', #336, #318, #2092, .T. ) ;
#181 = FILL_AREA_STYLE ('',( #2516 ) ) ;
#182 = CARTESIAN_POINT ( 'NONE',  ( 1.244578248665065600, 0.2500000000000001100, 0.1999999999999999800 ) ) ;
#183 = CARTESIAN_POINT ( 'NONE',  ( 0.8824217513349346100, 0.4904217513349276600, -0.1999999999999999800 ) ) ;
#184 = PRESENTATION_STYLE_ASSIGNMENT (( #2761 ) ) ;
#185 = DIRECTION ( 'NONE',  ( -1.000000000000000000, 0.0000000000000000000, 0.0000000000000000000 ) ) ;
#186 = LINE ( 'NONE', #1994, #2007 ) ;
#187 = VERTEX_POINT ( 'NONE', #1840 ) ;
#188 = AXIS2_PLACEMENT_3D ( 'NONE', #1178, #135, #1949 ) ;
#189 = LINE ( 'NONE', #862, #3139 ) ;
#190 = ORIENTED_EDGE ( 'NONE', *, *, #1231, .T. ) ;
#191 = CARTESIAN_POINT ( 'NONE',  ( 0.6773133068556032000, 0.9984951721472133900, 1.327313306855604400 ) ) ;
#192 = CARTESIAN_POINT ( 'NONE',  ( -0.6511361245076767700, 0.1826351822333073200, -1.374996705983592100 ) ) ;
#193 = VERTEX_POINT ( 'NONE', #2646 ) ;
#194 = PLANE ( 'NONE',  #2613 ) ;
#195 = VERTEX_POINT ( 'NONE', #1105 ) ;
#196 = EDGE_LOOP ( 'NONE', ( #3329, #693, #469, #2786 ) ) ;
#197 = EDGE_CURVE ( 'NONE', #1495, #717, #2893, .T. ) ;
#198 = ORIENTED_EDGE ( 'NONE', *, *, #1405, .F. ) ;
#199 = DIRECTION ( 'NONE',  ( 0.03489949670249122000, 0.9993908270190959800, -0.0000000000000000000 ) ) ;
#200 = DIRECTION ( 'NONE',  ( -0.0000000000000000000, -0.0000000000000000000, -1.000000000000000000 ) ) ;
#201 = ADVANCED_FACE ( 'NONE', ( #2723 ), #1091, .F. ) ;
#202 = CARTESIAN_POINT ( 'NONE',  ( -1.000000000000000000, 0.2500000000000000000, -1.149999999999999900 ) ) ;
#203 = CARTESIAN_POINT ( 'NONE',  ( 1.240474826963494000, 0.1324933768271632200, 0.7500000000000000000 ) ) ;
#204 = ADVANCED_FACE ( 'NONE', ( #467 ), #551, .T. ) ;
#205 = ADVANCED_FACE ( 'NONE', ( #2681 ), #2375, .T. ) ;
#206 = VECTOR ( 'NONE', #2915, 1000.000000000000000 ) ;
#207 = AXIS2_PLACEMENT_3D ( 'NONE', #1798, #244, #3097 ) ;
#208 = PLANE ( 'NONE',  #1067 ) ;
#209 = LINE ( 'NONE', #51, #1238 ) ;
#210 = DIRECTION ( 'NONE',  ( -0.9993908270190958700, 0.03489949670249439800, -0.0000000000000000000 ) ) ;
#211 = CARTESIAN_POINT ( 'NONE',  ( -0.8000000000000001600, 0.6080000000000093100, 1.450000000000000000 ) ) ;
#212 = VECTOR ( 'NONE', #3301, 1000.000000000000000 ) ;
#213 = CARTESIAN_POINT ( 'NONE',  ( 0.6926219859853075500, 1.216970978708185700, 1.268761404509391600 ) ) ;
#214 = PLANE ( 'NONE',  #2883 ) ;
#215 = CARTESIAN_POINT ( 'NONE',  ( 0.7999999999999999300, 0.6079999999999934300, 0.7500000000000000000 ) ) ;
#216 = CIRCLE ( 'NONE', #2308, 0.07499999999999996900 ) ;
#217 = VERTEX_POINT ( 'NONE', #3184 ) ;
#218 = CARTESIAN_POINT ( 'NONE',  ( 0.6715900542698586300, 0.9173648177666926500, 1.395450635745774300 ) ) ;
#219 = VERTEX_POINT ( 'NONE', #680 ) ;
#220 = CARTESIAN_POINT ( 'NONE',  ( -0.6773133068556047600, 0.9984951721472130600, 1.327313306855606400 ) ) ;
#221 =( BOUNDED_CURVE ( )  B_SPLINE_CURVE ( 3, ( #1722, #957, #1745, #726 ),
 .UNSPECIFIED., .F., .T. ) 
 B_SPLINE_CURVE_WITH_KNOTS ( ( 4, 4 ),
 ( 1.570796326794896600, 2.967059728390363500 ),
 .UNSPECIFIED. ) 
 CURVE ( )  GEOMETRIC_REPRESENTATION_ITEM ( )  RATIONAL_B_SPLINE_CURVE ( ( 1.000000000000000000, 0.8440296287459846400, 0.8440296287459846400, 1.000000000000000000 ) ) 
 REPRESENTATION_ITEM ( '' )  );
#222 = ORIENTED_EDGE ( 'NONE', *, *, #696, .F. ) ;
#223 = EDGE_CURVE ( 'NONE', #96, #2593, #807, .T. ) ;
#224 = CARTESIAN_POINT ( 'NONE',  ( 0.6501241601774955200, 0.1596806331828777300, 1.370949199656005700 ) ) ;
#225 = LINE ( 'NONE', #289, #1260 ) ;
#226 = ORIENTED_EDGE ( 'NONE', *, *, #2939, .T. ) ;
#227 = DIRECTION ( 'NONE',  ( 1.000000000000000000, -9.019168743805712700E-016, 0.0000000000000000000 ) ) ;
#228 = AXIS2_PLACEMENT_3D ( 'NONE', #312, #2859, #287 ) ;
#229 = VECTOR ( 'NONE', #1864, 1000.000000000000000 ) ;
#230 = ORIENTED_EDGE ( 'NONE', *, *, #877, .F. ) ;
#231 = CARTESIAN_POINT ( 'NONE',  ( 1.244578248665065600, 0.2500000000000001100, -1.149999999999999900 ) ) ;
#232 = ORIENTED_EDGE ( 'NONE', *, *, #1570, .T. ) ;
#233 = AXIS2_PLACEMENT_3D ( 'NONE', #620, #610, #3182 ) ;
#234 = PLANE ( 'NONE',  #2370 ) ;
#235 = VERTEX_POINT ( 'NONE', #656 ) ;
#236 = ADVANCED_FACE ( 'NONE', ( #847 ), #1204, .F. ) ;
#237 = CARTESIAN_POINT ( 'NONE',  ( 0.6187614045093918800, 1.203947365383166000, -1.268761404509391600 ) ) ;
#238 = DIRECTION ( 'NONE',  ( 0.0000000000000000000, 0.0000000000000000000, 1.000000000000000000 ) ) ;
#239 = EDGE_CURVE ( 'NONE', #23, #2042, #2288, .T. ) ;
#240 = EDGE_CURVE ( 'NONE', #2735, #1128, #1378, .T. ) ;
#241 = LINE ( 'NONE', #2773, #859 ) ;
#242 = CARTESIAN_POINT ( 'NONE',  ( -0.8000000000000001600, 0.6079999999999931000, 1.376139418524081400 ) ) ;
#243 = EDGE_CURVE ( 'NONE', #2416, #1382, #189, .T. ) ;
#244 = DIRECTION ( 'NONE',  ( 0.0000000000000000000, 0.0000000000000000000, 1.000000000000000000 ) ) ;
#245 = ORIENTED_EDGE ( 'NONE', *, *, #1159, .T. ) ;
#246 = VECTOR ( 'NONE', #578, 1000.000000000000000 ) ;
#247 = CYLINDRICAL_SURFACE ( 'NONE', #488, 0.2445782486650653900 ) ;
#248 = VERTEX_POINT ( 'NONE', #2488 ) ;
#249 = PLANE ( 'NONE',  #569 ) ;
#250 = ADVANCED_FACE ( 'NONE', ( #2449 ), #2981, .F. ) ;
#251 = DIRECTION ( 'NONE',  ( 0.0000000000000000000, 0.0000000000000000000, 1.000000000000000000 ) ) ;
#252 = CYLINDRICAL_SURFACE ( 'NONE', #2066, 0.07499999999999998300 ) ;
#253 = EDGE_LOOP ( 'NONE', ( #1196, #1996, #1, #1647 ) ) ;
#254 = CARTESIAN_POINT ( 'NONE',  ( -0.7209491996560061200, 0.1596806331828786200, -1.300124160177494700 ) ) ;
#255 = FILL_AREA_STYLE_COLOUR ( '', #1005 ) ;
#256 = EDGE_LOOP ( 'NONE', ( #1477, #142, #2166, #1097 ) ) ;
#257 = CARTESIAN_POINT ( 'NONE',  ( -0.6469698604445537300, 0.9000000000000000200, 0.0000000000000000000 ) ) ;
#258 = ADVANCED_FACE ( 'NONE', ( #1679 ), #110, .T. ) ;
#259 = CYLINDRICAL_SURFACE ( 'NONE', #997, 0.1175782486650656700 ) ;
#260 = ORIENTED_EDGE ( 'NONE', *, *, #919, .T. ) ;
#261 = DIRECTION ( 'NONE',  ( 1.000000000000000000, 0.0000000000000000000, 0.0000000000000000000 ) ) ;
#262 = FACE_OUTER_BOUND ( 'NONE', #2431, .T. ) ;
#263 =( BOUNDED_SURFACE ( )  B_SPLINE_SURFACE ( 3, 2, ( 
 ( #3058, #2817, #1512 ),
 ( #224, #1307, #512 ),
 ( #484, #2291, #750 ),
 ( #1545, #2547, #1022 ),
 ( #3094, #2804, #1809 ),
 ( #1287, #1536, #3332 ) ),
 .UNSPECIFIED., .F., .F., .F. ) 
 B_SPLINE_SURFACE_WITH_KNOTS ( ( 4, 2, 4 ),
 ( 3, 3 ),
 ( 6.457718232379016300, 7.155849933176750000, 7.853981633974482800 ),
 ( 0.0000000000000000000, 1.000000000000000000 ),
 .UNSPECIFIED. ) 
 GEOMETRIC_REPRESENTATION_ITEM ( )  RATIONAL_B_SPLINE_SURFACE ( (
 ( 1.000000000000000000, 0.7176885430348756100, 1.000000000000000000),
 ( 1.000000000000000000, 0.7454573872795432500, 1.000000000000000000),
 ( 1.000000000000000000, 0.8264515659729901900, 1.000000000000000000),
 ( 1.000000000000000000, 0.9550220312680470800, 1.000000000000000000),
 ( 1.000000000000000000, 1.001678127009431300, 1.000000000000000000),
 ( 1.000000000000000000, 1.000000000000000000, 1.000000000000000000) ) ) 
 REPRESENTATION_ITEM ( '' )  SURFACE ( )  );
#264 = ORIENTED_EDGE ( 'NONE', *, *, #111, .T. ) ;
#265 = CARTESIAN_POINT ( 'NONE',  ( 1.240474826963494000, 0.1324933768271632200, -0.1999999999999999800 ) ) ;
#266 = DIRECTION ( 'NONE',  ( -0.0000000000000000000, -0.0000000000000000000, -1.000000000000000000 ) ) ;
#267 = ORIENTED_EDGE ( 'NONE', *, *, #901, .F. ) ;
#268 = ADVANCED_FACE ( 'NONE', ( #2126 ), #1395, .F. ) ;
#269 = VERTEX_POINT ( 'NONE', #874 ) ;
#270 = ORIENTED_EDGE ( 'NONE', *, *, #3009, .F. ) ;
#271 = AXIS2_PLACEMENT_3D ( 'NONE', #1355, #3143, #1878 ) ;
#272 = EDGE_LOOP ( 'NONE', ( #157, #2389, #3207, #1467 ) ) ;
#273 = ORIENTED_EDGE ( 'NONE', *, *, #2942, .T. ) ;
#274 = CARTESIAN_POINT ( 'NONE',  ( 0.8824217513349346100, 0.4904217513349276600, -1.149999999999999900 ) ) ;
#275 = VERTEX_POINT ( 'NONE', #3266 ) ;
#276 = CARTESIAN_POINT ( 'NONE',  ( 1.244578248665065600, 0.2500000000000001100, -1.149999999999999900 ) ) ;
#277 = ORIENTED_EDGE ( 'NONE', *, *, #3199, .T. ) ;
#278 = DIRECTION ( 'NONE',  ( -1.000000000000000000, 0.0000000000000000000, 0.0000000000000000000 ) ) ;
#279 = SURFACE_STYLE_USAGE ( .BOTH. , #1770 ) ;
#280 = ORIENTED_EDGE ( 'NONE', *, *, #1592, .F. ) ;
#281 = DIRECTION ( 'NONE',  ( -0.9848077530122086900, 0.1736481776669272500, 0.0000000000000000000 ) ) ;
#282 = EDGE_CURVE ( 'NONE', #1982, #2913, #2244, .T. ) ;
#283 = CIRCLE ( 'NONE', #1622, 0.1175782486650656700 ) ;
#284 = DIRECTION ( 'NONE',  ( 0.0000000000000000000, 0.0000000000000000000, 1.000000000000000000 ) ) ;
#285 = EDGE_CURVE ( 'NONE', #669, #1017, #668, .T. ) ;
#286 = LINE ( 'NONE', #710, #904 ) ;
#287 = DIRECTION ( 'NONE',  ( 1.000000000000000000, 0.0000000000000000000, 0.0000000000000000000 ) ) ;
#288 = AXIS2_PLACEMENT_3D ( 'NONE', #1449, #3022, #2196 ) ;
#289 = CARTESIAN_POINT ( 'NONE',  ( -0.7776064734500255400, 0.7349999999999929900, -0.7500000000000000000 ) ) ;
#290 = DIRECTION ( 'NONE',  ( -9.019168743805722600E-016, 1.000000000000000000, 0.0000000000000000000 ) ) ;
#291 = FACE_OUTER_BOUND ( 'NONE', #2571, .T. ) ;
#292 = CLOSED_SHELL ( 'NONE', ( #2049, #695, #752, #3064, #1056, #137, #147, #2945, #1832, #1841, #2251, #707, #204, #3227 ) ) ;
#293 = AXIS2_PLACEMENT_3D ( 'NONE', #719, #1207, #1465 ) ;
#294 = PLANE ( 'NONE',  #3280 ) ;
#295 = VECTOR ( 'NONE', #1866, 1000.000000000000000 ) ;
#296 = EDGE_LOOP ( 'NONE', ( #1673, #990, #533, #2774 ) ) ;
#297 = CARTESIAN_POINT ( 'NONE',  ( 1.126999999999999800, 0.4904217513349277700, 1.149999999999999900 ) ) ;
#298 = VECTOR ( 'NONE', #3298, 1000.000000000000000 ) ;
#299 = ORIENTED_EDGE ( 'NONE', *, *, #2491, .T. ) ;
#300 = EDGE_CURVE ( 'NONE', #429, #2927, #1971, .T. ) ;
#301 = DIRECTION ( 'NONE',  ( -0.03489949670249498800, 0.9993908270190959800, 0.0000000000000000000 ) ) ;
#302 = CARTESIAN_POINT ( 'NONE',  ( -0.6377875929726449800, 1.096044488654897200, 1.287787592972644800 ) ) ;
#303 = VECTOR ( 'NONE', #2107, 1000.000000000000000 ) ;
#304 = EDGE_LOOP ( 'NONE', ( #436, #3346, #2529, #1728 ) ) ;
#305 = CARTESIAN_POINT ( 'NONE',  ( 1.000000000000000200, 0.4904217513349276600, 0.1999999999999999800 ) ) ;
#306 = VECTOR ( 'NONE', #1695, 1000.000000000000100 ) ;
#307 = VERTEX_POINT ( 'NONE', #431 ) ;
#308 = EDGE_CURVE ( 'NONE', #797, #1375, #310, .T. ) ;
#309 = CARTESIAN_POINT ( 'NONE',  ( -0.6469698604445537300, 1.000000000000000000, 1.380879823562281700 ) ) ;
#310 = CIRCLE ( 'NONE', #2060, 0.07499999999999996900 ) ;
#311 = ORIENTED_EDGE ( 'NONE', *, *, #1531, .T. ) ;
#312 = CARTESIAN_POINT ( 'NONE',  ( -1.244578248665065600, 0.2499999999999997800, -0.7500000000000000000 ) ) ;
#313 = ORIENTED_EDGE ( 'NONE', *, *, #3236, .F. ) ;
#314 = CARTESIAN_POINT ( 'NONE',  ( 0.8824217513349343900, 0.6079999999999933200, 0.1999999999999999800 ) ) ;
#315 = ORIENTED_EDGE ( 'NONE', *, *, #1305, .F. ) ;
#316 =( GEOMETRIC_REPRESENTATION_CONTEXT ( 3 ) GLOBAL_UNCERTAINTY_ASSIGNED_CONTEXT ( ( #1539 ) ) GLOBAL_UNIT_ASSIGNED_CONTEXT ( ( #3243, #2503, #442 ) ) REPRESENTATION_CONTEXT ( 'NONE', 'WORKASPACE' ) );
#317 = DIRECTION ( 'NONE',  ( -0.0000000000000000000, -0.0000000000000000000, -1.000000000000000000 ) ) ;
#318 = VERTEX_POINT ( 'NONE', #3017 ) ;
#319 = CARTESIAN_POINT ( 'NONE',  ( -0.4250000000000001600, 1.000000000000000000, -1.075000000000000000 ) ) ;
#320 = DIRECTION ( 'NONE',  ( -0.0000000000000000000, -0.0000000000000000000, -1.000000000000000000 ) ) ;
#321 = CLOSED_SHELL ( 'NONE', ( #3306, #641, #205, #1796, #2003, #236, #2822, #2700, #439, #3250, #996, #1323, #2784, #928 ) ) ;
#322 = CARTESIAN_POINT ( 'NONE',  ( 1.240474826963494000, 0.1324933768271632200, 0.7500000000000000000 ) ) ;
#323 = DIRECTION ( 'NONE',  ( -0.0000000000000000000, -0.0000000000000000000, -1.000000000000000000 ) ) ;
#324 = CARTESIAN_POINT ( 'NONE',  ( -0.6729710236153184600, 0.1084397224131139900, -1.288129703915608300 ) ) ;
#325 = LINE ( 'NONE', #1004, #936 ) ;
#326 = MANIFOLD_SOLID_BREP ( 'Pin 5', #1144 ) ;
#327 = CARTESIAN_POINT ( 'NONE',  ( 1.240474826963494000, 0.1324933768271632200, -0.7500000000000000000 ) ) ;
#328 = ORIENTED_EDGE ( 'NONE', *, *, #2125, .T. ) ;
#329 = CIRCLE ( 'NONE', #931, 0.1175782486650656700 ) ;
#330 = DIRECTION ( 'NONE',  ( -1.000000000000000000, -0.0000000000000000000, 0.0000000000000000000 ) ) ;
#331 = LINE ( 'NONE', #1756, #568 ) ;
#332 = ORIENTED_EDGE ( 'NONE', *, *, #720, .F. ) ;
#333 = CARTESIAN_POINT ( 'NONE',  ( -1.240474826963494000, 0.1324933768271628900, -1.149999999999999900 ) ) ;
#334 = CARTESIAN_POINT ( 'NONE',  ( 1.126999999999999800, 0.4904217513349277700, 1.149999999999999900 ) ) ;
#335 = VECTOR ( 'NONE', #500, 1000.000000000000000 ) ;
#336 = VERTEX_POINT ( 'NONE', #2234 ) ;
#337 = VECTOR ( 'NONE', #2356, 1000.000000000000000 ) ;
#338 = ORIENTED_EDGE ( 'NONE', *, *, #2512, .F. ) ;
#339 = AXIS2_PLACEMENT_3D ( 'NONE', #871, #88, #1900 ) ;
#340 = DIRECTION ( 'NONE',  ( -1.000000000000000000, 0.0000000000000000000, 0.0000000000000000000 ) ) ;
#341 = VERTEX_POINT ( 'NONE', #2014 ) ;
#342 = DIRECTION ( 'NONE',  ( -0.0000000000000000000, -0.0000000000000000000, -1.000000000000000000 ) ) ;
#343 = DIRECTION ( 'NONE',  ( -0.1710878697460324100, -0.9702875252478151400, -0.1710878697460324100 ) ) ;
#344 = CARTESIAN_POINT ( 'NONE',  ( -0.6377875929726448700, 1.109068101979916700, 1.361648174448560500 ) ) ;
#345 = LINE ( 'NONE', #2407, #585 ) ;
#346 = ORIENTED_EDGE ( 'NONE', *, *, #1938, .T. ) ;
#347 = DIRECTION ( 'NONE',  ( -0.0000000000000000000, -0.0000000000000000000, -1.000000000000000000 ) ) ;
#348 = LINE ( 'NONE', #1563, #2408 ) ;
#349 = ORIENTED_EDGE ( 'NONE', *, *, #2579, .F. ) ;
#350 = EDGE_CURVE ( 'NONE', #493, #441, #2844, .T. ) ;
#351 = CARTESIAN_POINT ( 'NONE',  ( 1.236042590882277600, 0.005570741795738105300, 1.149999999999999900 ) ) ;
#352 = FACE_OUTER_BOUND ( 'NONE', #795, .T. ) ;
#353 = ORIENTED_EDGE ( 'NONE', *, *, #1731, .F. ) ;
#354 = SURFACE_STYLE_USAGE ( .BOTH. , #1141 ) ;
#355 = EDGE_CURVE ( 'NONE', #2341, #1081, #1050, .T. ) ;
#356 = CIRCLE ( 'NONE', #923, 0.2445782486650656100 ) ;
#357 = DIRECTION ( 'NONE',  ( -1.000000000000000000, 0.0000000000000000000, 0.0000000000000000000 ) ) ;
#358 = ORIENTED_EDGE ( 'NONE', *, *, #2597, .F. ) ;
#359 = ORIENTED_EDGE ( 'NONE', *, *, #2942, .F. ) ;
#360 = CARTESIAN_POINT ( 'NONE',  ( -0.8824217513349343900, 0.4904217513349274400, 0.7500000000000000000 ) ) ;
#361 = ADVANCED_FACE ( 'NONE', ( #1930 ), #2871, .T. ) ;
#362 = DIRECTION ( 'NONE',  ( -9.019168743805712700E-016, -1.000000000000000000, 0.0000000000000000000 ) ) ;
#363 = DIRECTION ( 'NONE',  ( 0.03489949670249473800, 0.9993908270190959800, -0.0000000000000000000 ) ) ;
#364 = LINE ( 'NONE', #1138, #3188 ) ;
#365 = CARTESIAN_POINT ( 'NONE',  ( -1.244578248665065600, 0.2499999999999997800, 1.149999999999999900 ) ) ;
#366 = AXIS2_PLACEMENT_3D ( 'NONE', #1990, #1999, #2740 ) ;
#367 = DIRECTION ( 'NONE',  ( 0.1710878697460322400, 0.9702875252478150300, 0.1710878697460329300 ) ) ;
#368 = DIRECTION ( 'NONE',  ( -1.000000000000000000, 1.315432097626353200E-015, 0.0000000000000000000 ) ) ;
#369 = DIRECTION ( 'NONE',  ( -0.0000000000000000000, -0.0000000000000000000, -1.000000000000000000 ) ) ;
#370 = EDGE_CURVE ( 'NONE', #2004, #2134, #1717, .T. ) ;
#371 = FACE_OUTER_BOUND ( 'NONE', #1583, .T. ) ;
#372 = CARTESIAN_POINT ( 'NONE',  ( 0.7999999999999999300, 0.6079999999999934300, -0.7500000000000000000 ) ) ;
#373 = EDGE_CURVE ( 'NONE', #2213, #217, #1759, .T. ) ;
#374 = CYLINDRICAL_SURFACE ( 'NONE', #2524, 0.07499999999999996900 ) ;
#375 = ADVANCED_FACE ( 'NONE', ( #352 ), #1088, .T. ) ;
#376 = VECTOR ( 'NONE', #2417, 1000.000000000000000 ) ;
#377 = ORIENTED_EDGE ( 'NONE', *, *, #1934, .F. ) ;
#378 = CARTESIAN_POINT ( 'NONE',  ( -1.244578248665065600, 0.2499999999999997800, 0.7500000000000000000 ) ) ;
#379 = CARTESIAN_POINT ( 'NONE',  ( 0.7999999999999999300, 0.6079999999999931000, -1.376139418524084100 ) ) ;
#380 = CARTESIAN_POINT ( 'NONE',  ( 1.000000000000000000, 0.2500000000000004400, -0.7500000000000000000 ) ) ;
#381 = EDGE_LOOP ( 'NONE', ( #2791, #1503, #3241, #2869 ) ) ;
#382 = DIRECTION ( 'NONE',  ( 0.0000000000000000000, 0.0000000000000000000, 1.000000000000000000 ) ) ;
#383 = DIRECTION ( 'NONE',  ( -0.0000000000000000000, -1.000000000000000000, -0.0000000000000000000 ) ) ;
#384 = ORIENTED_EDGE ( 'NONE', *, *, #2827, .F. ) ;
#385 = CARTESIAN_POINT ( 'NONE',  ( 1.244578248665065600, 0.2500000000000001100, 0.7500000000000000000 ) ) ;
#386 = DIRECTION ( 'NONE',  ( -1.000000000000000000, 1.034393262474579000E-015, 0.0000000000000000000 ) ) ;
#387 = CIRCLE ( 'NONE', #981, 0.2445782486650653900 ) ;
#388 = EDGE_LOOP ( 'NONE', ( #595, #2839, #273, #260 ) ) ;
#389 = CIRCLE ( 'NONE', #2739, 0.07499999999999998300 ) ;
#390 = ORIENTED_EDGE ( 'NONE', *, *, #3156, .T. ) ;
#391 = EDGE_CURVE ( 'NONE', #187, #1011, #1605, .T. ) ;
#392 = DIRECTION ( 'NONE',  ( -1.000000000000000000, 0.0000000000000000000, 0.0000000000000000000 ) ) ;
#393 = ORIENTED_EDGE ( 'NONE', *, *, #1865, .T. ) ;
#394 = CARTESIAN_POINT ( 'NONE',  ( 0.6377875929726447600, 1.109068101979916700, 1.361648174448560500 ) ) ;
#395 = EDGE_CURVE ( 'NONE', #3224, #1031, #225, .T. ) ;
#396 = CARTESIAN_POINT ( 'NONE',  ( 1.395567763918783600, 8.544611162700630100E-017, 0.1999999999999999800 ) ) ;
#397 = DIRECTION ( 'NONE',  ( -0.0000000000000000000, -0.0000000000000000000, -1.000000000000000000 ) ) ;
#398 = VERTEX_POINT ( 'NONE', #1074 ) ;
#399 = CARTESIAN_POINT ( 'NONE',  ( -1.127000000000000000, 0.4904217513349274400, 0.7500000000000000000 ) ) ;
#400 = CARTESIAN_POINT ( 'NONE',  ( -0.6674954676956440500, 0.9616486110369106800, -1.379072289448913600 ) ) ;
#401 = SURFACE_SIDE_STYLE ('',( #1149 ) ) ;
#402 = AXIS2_PLACEMENT_3D ( 'NONE', #971, #2056, #238 ) ;
#403 = CARTESIAN_POINT ( 'NONE',  ( -0.4250000000000001600, 0.9499999999999999600, -1.075000000000000000 ) ) ;
#404 = ORIENTED_EDGE ( 'NONE', *, *, #3057, .F. ) ;
#405 = DIRECTION ( 'NONE',  ( 9.019168743805722600E-016, -1.000000000000000000, 0.0000000000000000000 ) ) ;
#406 = ADVANCED_FACE ( 'NONE', ( #2489 ), #556, .F. ) ;
#407 = EDGE_CURVE ( 'NONE', #3093, #2735, #464, .T. ) ;
#408 = CARTESIAN_POINT ( 'NONE',  ( -1.399999999999999900, 0.1269226350314249200, 1.149999999999999900 ) ) ;
#409 = VECTOR ( 'NONE', #1546, 1000.000000000000000 ) ;
#410 = CARTESIAN_POINT ( 'NONE',  ( 1.244578248665065600, 0.2500000000000001100, 1.149999999999999900 ) ) ;
#411 = EDGE_CURVE ( 'NONE', #1525, #472, #3174, .T. ) ;
#412 = FACE_OUTER_BOUND ( 'NONE', #601, .T. ) ;
#413 = CARTESIAN_POINT ( 'NONE',  ( 0.7336044454952128600, 0.9673441386303972500, 1.383604445495211400 ) ) ;
#414 = DIRECTION ( 'NONE',  ( -0.0000000000000000000, -0.0000000000000000000, -1.000000000000000000 ) ) ;
#415 = CARTESIAN_POINT ( 'NONE',  ( -1.236042590882277200, 0.005570741795737780100, -1.149999999999999900 ) ) ;
#416 = ORIENTED_EDGE ( 'NONE', *, *, #877, .T. ) ;
#417 = DIRECTION ( 'NONE',  ( -1.000000000000000000, 0.0000000000000000000, 0.0000000000000000000 ) ) ;
#418 = VECTOR ( 'NONE', #1591, 1000.000000000000000 ) ;
#419 = ORIENTED_EDGE ( 'NONE', *, *, #2983, .T. ) ;
#420 = CARTESIAN_POINT ( 'NONE',  ( 1.395567763918783600, 8.544611162700630100E-017, 1.149999999999999900 ) ) ;
#421 = VECTOR ( 'NONE', #775, 1000.000000000000000 ) ;
#422 = ADVANCED_FACE ( 'NONE', ( #2570 ), #3198, .F. ) ;
#423 = ORIENTED_EDGE ( 'NONE', *, *, #1276, .T. ) ;
#424 = ADVANCED_FACE ( 'NONE', ( #2087 ), #2241, .F. ) ;
#425 = CARTESIAN_POINT ( 'NONE',  ( -1.244578248665065600, 0.2499999999999997800, -0.7500000000000000000 ) ) ;
#426 = VECTOR ( 'NONE', #130, 999.9999999999998900 ) ;
#427 = ORIENTED_EDGE ( 'NONE', *, *, #2550, .F. ) ;
#428 = CARTESIAN_POINT ( 'NONE',  ( 1.399999999999999900, 0.1269226350314252800, 1.149999999999999900 ) ) ;
#429 = VERTEX_POINT ( 'NONE', #2928 ) ;
#430 = VERTEX_POINT ( 'NONE', #2673 ) ;
#431 = CARTESIAN_POINT ( 'NONE',  ( 0.6265159306823714400, 0.1000000000000000500, 1.276515930682371500 ) ) ;
#432 = DIRECTION ( 'NONE',  ( -0.0000000000000000000, -0.0000000000000000000, -1.000000000000000000 ) ) ;
#433 = CARTESIAN_POINT ( 'NONE',  ( -0.8000000000000001600, 0.6079999999999931000, -0.7500000000000000000 ) ) ;
#434 = VERTEX_POINT ( 'NONE', #2391 ) ;
#435 = CARTESIAN_POINT ( 'NONE',  ( 1.244578248665065600, 0.2500000000000001100, -0.1999999999999999800 ) ) ;
#436 = ORIENTED_EDGE ( 'NONE', *, *, #1630, .T. ) ;
#437 = DIRECTION ( 'NONE',  ( -0.0000000000000000000, -0.0000000000000000000, -1.000000000000000000 ) ) ;
#438 = CARTESIAN_POINT ( 'NONE',  ( -0.6469698604445537300, 1.000000000000000000, 1.296969860444553400 ) ) ;
#439 = ADVANCED_FACE ( 'NONE', ( #628 ), #804, .T. ) ;
#440 =( LENGTH_UNIT ( ) NAMED_UNIT ( * ) SI_UNIT ( .MILLI., .METRE. ) );
#441 = VERTEX_POINT ( 'NONE', #1129 ) ;
#442 =( NAMED_UNIT ( * ) SI_UNIT ( $, .STERADIAN. ) SOLID_ANGLE_UNIT ( ) );
#443 = FACE_OUTER_BOUND ( 'NONE', #2377, .T. ) ;
#444 = CARTESIAN_POINT ( 'NONE',  ( -0.8000000000000001600, 0.1826351822333073200, 1.374996705983592100 ) ) ;
#445 = DIRECTION ( 'NONE',  ( 9.019168743805730500E-016, 1.000000000000000000, 0.0000000000000000000 ) ) ;
#446 = VECTOR ( 'NONE', #2694, 1000.000000000000000 ) ;
#447 = CARTESIAN_POINT ( 'NONE',  ( -1.126999999999999800, 0.4904217513349274400, -0.7500000000000000000 ) ) ;
#448 = ORIENTED_EDGE ( 'NONE', *, *, #2897, .T. ) ;
#449 = EDGE_CURVE ( 'NONE', #1094, #709, #1415, .T. ) ;
#450 = LINE ( 'NONE', #1434, #22 ) ;
#451 = ORIENTED_EDGE ( 'NONE', *, *, #1822, .F. ) ;
#452 = DIRECTION ( 'NONE',  ( -0.9848077530122086900, 0.1736481776669271100, 0.0000000000000000000 ) ) ;
#453 = EDGE_CURVE ( 'NONE', #2617, #2833, #553, .T. ) ;
#454 = FACE_OUTER_BOUND ( 'NONE', #1976, .T. ) ;
#455 = ORIENTED_EDGE ( 'NONE', *, *, #552, .F. ) ;
#456 = EDGE_CURVE ( 'NONE', #2735, #248, #2447, .T. ) ;
#457 = FACE_OUTER_BOUND ( 'NONE', #1321, .T. ) ;
#458 = ORIENTED_EDGE ( 'NONE', *, *, #3140, .F. ) ;
#459 = CARTESIAN_POINT ( 'NONE',  ( 1.126999999999999800, 0.4904217513349277700, -0.7500000000000000000 ) ) ;
#460 = SURFACE_STYLE_FILL_AREA ( #3180 ) ;
#461 = VERTEX_POINT ( 'NONE', #867 ) ;
#462 = DIRECTION ( 'NONE',  ( -0.0000000000000000000, -0.0000000000000000000, -1.000000000000000000 ) ) ;
#463 = CARTESIAN_POINT ( 'NONE',  ( -0.7228347285325676900, 0.1703739988208856600, 1.372834728532567300 ) ) ;
#464 = LINE ( 'NONE', #380, #3134 ) ;
#465 = AXIS2_PLACEMENT_3D ( 'NONE', #1680, #2450, #915 ) ;
#466 = PLANE ( 'NONE',  #832 ) ;
#467 = FACE_OUTER_BOUND ( 'NONE', #1877, .T. ) ;
#468 = CARTESIAN_POINT ( 'NONE',  ( -1.395567763918783100, -2.563694073882670400E-016, 1.149999999999999900 ) ) ;
#469 = ORIENTED_EDGE ( 'NONE', *, *, #2902, .F. ) ;
#470 = ADVANCED_FACE ( 'NONE', ( #2968 ), #33, .F. ) ;
#471 = CARTESIAN_POINT ( 'NONE',  ( 1.399999999999999900, 0.1269226350314252800, 1.149999999999999900 ) ) ;
#472 = VERTEX_POINT ( 'NONE', #420 ) ;
#473 = CARTESIAN_POINT ( 'NONE',  ( 0.7999999999999999300, 0.6079999999999934300, -1.149999999999999900 ) ) ;
#474 = EDGE_CURVE ( 'NONE', #3186, #2302, #387, .T. ) ;
#475 = VERTEX_POINT ( 'NONE', #1428 ) ;
#476 =( GEOMETRIC_REPRESENTATION_CONTEXT ( 3 ) GLOBAL_UNCERTAINTY_ASSIGNED_CONTEXT ( ( #2625 ) ) GLOBAL_UNIT_ASSIGNED_CONTEXT ( ( #440, #3056, #2009 ) ) REPRESENTATION_CONTEXT ( 'NONE', 'WORKASPACE' ) );
#477 = DIRECTION ( 'NONE',  ( 0.0000000000000000000, 0.0000000000000000000, 1.000000000000000000 ) ) ;
#478 = DIRECTION ( 'NONE',  ( 0.0000000000000000000, 0.0000000000000000000, 1.000000000000000000 ) ) ;
#479 = ORIENTED_EDGE ( 'NONE', *, *, #2207, .T. ) ;
#480 = EDGE_CURVE ( 'NONE', #3239, #916, #1674, .T. ) ;
#481 = CARTESIAN_POINT ( 'NONE',  ( -0.6469698604445537300, 1.000000000000000000, 1.296969860444553400 ) ) ;
#482 = CARTESIAN_POINT ( 'NONE',  ( -0.4250000000000001600, 1.000000000000000000, -1.075000000000000000 ) ) ;
#483 = EDGE_CURVE ( 'NONE', #2542, #1830, #2158, .T. ) ;
#484 = CARTESIAN_POINT ( 'NONE',  ( 0.6470415379334617500, 0.1383513889630915400, 1.358618359686733800 ) ) ;
#485 = VERTEX_POINT ( 'NONE', #3217 ) ;
#486 = CARTESIAN_POINT ( 'NONE',  ( 0.7249967059835922300, 0.1826351822333073200, 1.301136124507676700 ) ) ;
#487 = CYLINDRICAL_SURFACE ( 'NONE', #402, 0.1000000000000000500 ) ;
#488 = AXIS2_PLACEMENT_3D ( 'NONE', #2055, #2595, #1360 ) ;
#489 = ADVANCED_FACE ( 'NONE', ( #3011 ), #772, .T. ) ;
#490 = CARTESIAN_POINT ( 'NONE',  ( -0.6915793418514736300, 0.1164452457843647800, 1.341579341851471000 ) ) ;
#491 = CARTESIAN_POINT ( 'NONE',  ( 0.6585836336777898300, 0.9915602775868871400, -1.343424953377498900 ) ) ;
#492 = COLOUR_RGB ( '',0.2509803921568627400, 0.2509803921568627400, 0.2509803921568627400 ) ;
#493 = VERTEX_POINT ( 'NONE', #2465 ) ;
#494 = CARTESIAN_POINT ( 'NONE',  ( -0.4250000000000001600, 0.9499999999999999600, -1.075000000000000000 ) ) ;
#495 = CARTESIAN_POINT ( 'NONE',  ( -1.395567763918783100, -2.563694073882670400E-016, -0.7500000000000000000 ) ) ;
#496 = LINE ( 'NONE', #2363, #409 ) ;
#497 = ORIENTED_EDGE ( 'NONE', *, *, #2160, .F. ) ;
#498 = CARTESIAN_POINT ( 'NONE',  ( 0.6814677012963322700, 0.3546541022351533100, -1.405328282772248200 ) ) ;
#499 = AXIS2_PLACEMENT_3D ( 'NONE', #410, #1210, #1182 ) ;
#500 = DIRECTION ( 'NONE',  ( -0.0000000000000000000, -0.0000000000000000000, -1.000000000000000000 ) ) ;
#501 = DIRECTION ( 'NONE',  ( -0.0000000000000000000, -0.0000000000000000000, -1.000000000000000000 ) ) ;
#502 = ADVANCED_FACE ( 'NONE', ( #3299 ), #2285, .T. ) ;
#503 = VECTOR ( 'NONE', #814, 1000.000000000000000 ) ;
#504 = EDGE_LOOP ( 'NONE', ( #2577, #2473, #2180, #2879 ) ) ;
#505 = CARTESIAN_POINT ( 'NONE',  ( -0.6715900542698590700, 0.9043412044416731000, 1.321590054269858900 ) ) ;
#506 = ORIENTED_EDGE ( 'NONE', *, *, #2657, .F. ) ;
#507 = CARTESIAN_POINT ( 'NONE',  ( 0.7414031294181877600, 0.9403193668171228000, -1.320578089939676600 ) ) ;
#508 = EDGE_CURVE ( 'NONE', #1941, #3268, #108, .T. ) ;
#509 = VECTOR ( 'NONE', #1629, 1000.000000000000000 ) ;
#510 = ORIENTED_EDGE ( 'NONE', *, *, #2904, .T. ) ;
#511 = FILL_AREA_STYLE_COLOUR ( '', #737 ) ;
#512 = CARTESIAN_POINT ( 'NONE',  ( 0.7209491996560059000, 0.1596806331828783700, 1.300124160177494700 ) ) ;
#513 = ORIENTED_EDGE ( 'NONE', *, *, #642, .F. ) ;
#514 = VERTEX_POINT ( 'NONE', #2179 ) ;
#515 = CARTESIAN_POINT ( 'NONE',  ( -0.6568593770934227900, 0.1015048278527869700, 1.306859377093423800 ) ) ;
#516 = ORIENTED_EDGE ( 'NONE', *, *, #1646, .T. ) ;
#517 = PRODUCT_RELATED_PRODUCT_CATEGORY ( 'part', '', ( #1251 ) ) ;
#518 = ORIENTED_EDGE ( 'NONE', *, *, #2296, .F. ) ;
#519 = CARTESIAN_POINT ( 'NONE',  ( -0.6693859670110031700, 0.9673648177666928100, 1.386634286710351400 ) ) ;
#520 = CARTESIAN_POINT ( 'NONE',  ( 1.240474826963494000, 0.1324933768271632200, 0.1999999999999999800 ) ) ;
#521 = EDGE_CURVE ( 'NONE', #2752, #275, #2371, .T. ) ;
#522 = EDGE_LOOP ( 'NONE', ( #2405, #1917, #1816, #2208 ) ) ;
#523 = ORIENTED_EDGE ( 'NONE', *, *, #3315, .F. ) ;
#524 = EDGE_CURVE ( 'NONE', #430, #2097, #2611, .T. ) ;
#525 = CARTESIAN_POINT ( 'NONE',  ( 0.6772872612766587300, 0.1000000000000000500, -1.289208763330943500 ) ) ;
#526 = VECTOR ( 'NONE', #2413, 1000.000000000000200 ) ;
#527 = DIRECTION ( 'NONE',  ( 0.9993908270190958700, 0.03489949670249498800, 0.0000000000000000000 ) ) ;
#528 = CIRCLE ( 'NONE', #2683, 0.07499999999999998300 ) ;
#529 = DIRECTION ( 'NONE',  ( 0.0000000000000000000, 0.0000000000000000000, 1.000000000000000000 ) ) ;
#530 = FACE_OUTER_BOUND ( 'NONE', #1642, .T. ) ;
#531 = DIRECTION ( 'NONE',  ( -1.000000000000000000, 0.0000000000000000000, 0.0000000000000000000 ) ) ;
#532 = VECTOR ( 'NONE', #2899, 1000.000000000000000 ) ;
#533 = ORIENTED_EDGE ( 'NONE', *, *, #2223, .F. ) ;
#534 = CARTESIAN_POINT ( 'NONE',  ( 0.7999999999999999300, 0.6079999999999931000, -1.376139418524084100 ) ) ;
#535 = CARTESIAN_POINT ( 'NONE',  ( 0.8824217513349343900, 0.6079999999999933200, -0.1999999999999999800 ) ) ;
#536 = CARTESIAN_POINT ( 'NONE',  ( -0.7261394185240818100, 0.6079999999999931000, 1.450000000000000000 ) ) ;
#537 = LINE ( 'NONE', #3212, #2035 ) ;
#538 = CARTESIAN_POINT ( 'NONE',  ( -0.7249967059835925600, 0.1826351822333072700, -1.301136124507676500 ) ) ;
#539 = CARTESIAN_POINT ( 'NONE',  ( 0.6498258495991758900, 0.09999999999999993600, -1.282343410411571200 ) ) ;
#540 = LINE ( 'NONE', #2298, #1488 ) ;
#541 = ADVANCED_FACE ( 'NONE', ( #1893 ), #1215, .F. ) ;
#542 = VERTEX_POINT ( 'NONE', #1224 ) ;
#543 = CARTESIAN_POINT ( 'NONE',  ( -0.8000000000000001600, 0.6079999999999931000, -0.7500000000000000000 ) ) ;
#544 = FACE_OUTER_BOUND ( 'NONE', #2685, .T. ) ;
#545 = EDGE_LOOP ( 'NONE', ( #2326, #3109, #523, #3172 ) ) ;
#546 = EDGE_CURVE ( 'NONE', #430, #2021, #886, .T. ) ;
#547 = CARTESIAN_POINT ( 'NONE',  ( -0.4250000000000001600, 0.5610912703473988100, -1.212500000000000100 ) ) ;
#548 = DIRECTION ( 'NONE',  ( 0.03489949670249122000, 0.9993908270190959800, -0.0000000000000000000 ) ) ;
#549 = CIRCLE ( 'NONE', #3123, 0.2445782486650653900 ) ;
#550 = ORIENTED_EDGE ( 'NONE', *, *, #653, .T. ) ;
#551 = PLANE ( 'NONE',  #2695 ) ;
#552 = EDGE_CURVE ( 'NONE', #2480, #1982, #186, .T. ) ;
#553 = LINE ( 'NONE', #2404, #711 ) ;
#554 = SURFACE_STYLE_USAGE ( .BOTH. , #1844 ) ;
#555 = ORIENTED_EDGE ( 'NONE', *, *, #3160, .F. ) ;
#556 = PLANE ( 'NONE',  #3286 ) ;
#557 = CARTESIAN_POINT ( 'NONE',  ( -1.000000000000000000, 0.2500000000000000000, -0.7500000000000000000 ) ) ;
#558 = ORIENTED_EDGE ( 'NONE', *, *, #2676, .F. ) ;
#559 = PLANE ( 'NONE',  #2181 ) ;
#560 = CARTESIAN_POINT ( 'NONE',  ( 0.6381297039156081900, 0.1084397224131136000, -1.322971023615318000 ) ) ;
#561 = CARTESIAN_POINT ( 'NONE',  ( 0.8824217513349343900, 0.6079999999999933200, 0.1999999999999999800 ) ) ;
#562 = DIRECTION ( 'NONE',  ( -9.019168743805722600E-016, 1.000000000000000000, 0.0000000000000000000 ) ) ;
#563 = DIRECTION ( 'NONE',  ( -0.0000000000000000000, -0.0000000000000000000, -1.000000000000000000 ) ) ;
#564 = EDGE_CURVE ( 'NONE', #1017, #2542, #2929, .T. ) ;
#565 = DIRECTION ( 'NONE',  ( 0.0000000000000000000, -0.1736481776669280000, 0.9848077530122084600 ) ) ;
#566 = FACE_OUTER_BOUND ( 'NONE', #2195, .T. ) ;
#567 = DIRECTION ( 'NONE',  ( -0.9993908270190958700, -0.03489949670249473800, 0.0000000000000000000 ) ) ;
#568 = VECTOR ( 'NONE', #2314, 1000.000000000000000 ) ;
#569 = AXIS2_PLACEMENT_3D ( 'NONE', #1310, #3118, #1322 ) ;
#570 = MANIFOLD_SOLID_BREP ( 'Pin 4', #72 ) ;
#571 = DIRECTION ( 'NONE',  ( -0.0000000000000000000, -0.0000000000000000000, -1.000000000000000000 ) ) ;
#572 = LINE ( 'NONE', #1882, #446 ) ;
#573 = VERTEX_POINT ( 'NONE', #1533 ) ;
#574 =( NAMED_UNIT ( * ) SI_UNIT ( $, .STERADIAN. ) SOLID_ANGLE_UNIT ( ) );
#575 = AXIS2_PLACEMENT_3D ( 'NONE', #876, #1116, #1398 ) ;
#576 = CARTESIAN_POINT ( 'NONE',  ( -0.7454506357457745300, 0.9173648177666926500, -1.380879823562281700 ) ) ;
#577 = LINE ( 'NONE', #608, #2670 ) ;
#578 = DIRECTION ( 'NONE',  ( -0.0000000000000000000, -0.0000000000000000000, -1.000000000000000000 ) ) ;
#579 = ORIENTED_EDGE ( 'NONE', *, *, #1757, .F. ) ;
#580 = CARTESIAN_POINT ( 'NONE',  ( 0.6715900542698587400, 0.9043412044416731000, -1.321590054269858900 ) ) ;
#581 = FILL_AREA_STYLE ('',( #1784 ) ) ;
#582 = ADVANCED_FACE ( 'NONE', ( #2648 ), #3265, .T. ) ;
#583 = EDGE_CURVE ( 'NONE', #879, #1880, #961, .T. ) ;
#584 = DIRECTION ( 'NONE',  ( -0.0000000000000000000, -0.0000000000000000000, -1.000000000000000000 ) ) ;
#585 = VECTOR ( 'NONE', #2658, 1000.000000000000000 ) ;
#586 = ORIENTED_EDGE ( 'NONE', *, *, #883, .F. ) ;
#587 = CARTESIAN_POINT ( 'NONE',  ( -1.000000000000000000, 0.2500000000000000000, 1.149999999999999900 ) ) ;
#588 = ORIENTED_EDGE ( 'NONE', *, *, #2099, .T. ) ;
#589 = EDGE_CURVE ( 'NONE', #2654, #1407, #1410, .T. ) ;
#590 = CARTESIAN_POINT ( 'NONE',  ( -1.000000000000000000, 0.2499999999999997800, 1.149999999999999900 ) ) ;
#591 = VECTOR ( 'NONE', #27, 1000.000000000000000 ) ;
#592 = ORIENTED_EDGE ( 'NONE', *, *, #1493, .F. ) ;
#593 = EDGE_CURVE ( 'NONE', #269, #1964, #2197, .T. ) ;
#594 = CARTESIAN_POINT ( 'NONE',  ( 0.7776064734500255400, 0.7349999999999932100, -1.149999999999999900 ) ) ;
#595 = ORIENTED_EDGE ( 'NONE', *, *, #285, .T. ) ;
#596 = CARTESIAN_POINT ( 'NONE',  ( 0.8824217513349343900, 0.6079999999999933200, -0.7500000000000000000 ) ) ;
#597 = DIRECTION ( 'NONE',  ( 1.000000000000000000, 0.0000000000000000000, 0.0000000000000000000 ) ) ;
#598 = ORIENTED_EDGE ( 'NONE', *, *, #1806, .F. ) ;
#599 = CARTESIAN_POINT ( 'NONE',  ( -0.8000000000000001600, 0.1826351822333073200, -1.374996705983592100 ) ) ;
#600 = DIRECTION ( 'NONE',  ( -0.0000000000000000000, -0.0000000000000000000, -1.000000000000000000 ) ) ;
#601 = EDGE_LOOP ( 'NONE', ( #768, #404, #2849, #2096 ) ) ;
#602 = DIRECTION ( 'NONE',  ( -9.019168743805722600E-016, 1.000000000000000000, 0.0000000000000000000 ) ) ;
#603 = DIRECTION ( 'NONE',  ( 0.0000000000000000000, 0.0000000000000000000, -1.000000000000000000 ) ) ;
#604 = DIRECTION ( 'NONE',  ( 0.9848077530122084600, 0.1736481776669280000, 0.0000000000000000000 ) ) ;
#605 = VERTEX_POINT ( 'NONE', #2515 ) ;
#606 = LINE ( 'NONE', #3276, #1869 ) ;
#607 = VECTOR ( 'NONE', #1856, 1000.000000000000000 ) ;
#608 = CARTESIAN_POINT ( 'NONE',  ( -1.240474826963494000, 0.1324933768271629200, 0.7500000000000000000 ) ) ;
#609 = VECTOR ( 'NONE', #386, 1000.000000000000000 ) ;
#610 = DIRECTION ( 'NONE',  ( 0.0000000000000000000, 0.0000000000000000000, 1.000000000000000000 ) ) ;
#611 = LINE ( 'NONE', #2815, #2826 ) ;
#612 = VERTEX_POINT ( 'NONE', #2800 ) ;
#613 = DIRECTION ( 'NONE',  ( -0.0000000000000000000, -0.0000000000000000000, -1.000000000000000000 ) ) ;
#614 = UNCERTAINTY_MEASURE_WITH_UNIT (LENGTH_MEASURE( 1.000000000000000100E-005 ), #1870, 'distance_accuracy_value', 'NONE');
#615 = VECTOR ( 'NONE', #3157, 1000.000000000000000 ) ;
#616 = FACE_OUTER_BOUND ( 'NONE', #1082, .T. ) ;
#617 = ORIENTED_EDGE ( 'NONE', *, *, #883, .T. ) ;
#618 = DIRECTION ( 'NONE',  ( 0.0000000000000000000, 0.0000000000000000000, 1.000000000000000000 ) ) ;
#619 = DIRECTION ( 'NONE',  ( 0.9993908270190958700, 0.03489949670249498800, 0.0000000000000000000 ) ) ;
#620 = CARTESIAN_POINT ( 'NONE',  ( -1.244578248665065600, 0.2499999999999997800, -1.149999999999999900 ) ) ;
#621 = EDGE_LOOP ( 'NONE', ( #1341, #516, #1173, #1898 ) ) ;
#622 = AXIS2_PLACEMENT_3D ( 'NONE', #1645, #1157, #604 ) ;
#623 = CARTESIAN_POINT ( 'NONE',  ( 0.7999999999999999300, 0.6079999999999934300, 1.149999999999999900 ) ) ;
#624 = VECTOR ( 'NONE', #323, 1000.000000000000000 ) ;
#625 = ORIENTED_EDGE ( 'NONE', *, *, #3120, .T. ) ;
#626 = EDGE_CURVE ( 'NONE', #1134, #2654, #2156, .T. ) ;
#627 = CARTESIAN_POINT ( 'NONE',  ( 1.244578248665065600, 0.2500000000000001100, -0.7500000000000000000 ) ) ;
#628 = FACE_OUTER_BOUND ( 'NONE', #1519, .T. ) ;
#629 = EDGE_LOOP ( 'NONE', ( #2582, #2347, #353, #2106 ) ) ;
#630 = ADVANCED_FACE ( 'NONE', ( #31 ), #466, .F. ) ;
#631 = PLANE ( 'NONE',  #3098 ) ;
#632 = EDGE_CURVE ( 'NONE', #3246, #336, #2718, .T. ) ;
#633 = VECTOR ( 'NONE', #2095, 1000.000000000000000 ) ;
#634 = ORIENTED_EDGE ( 'NONE', *, *, #2140, .F. ) ;
#635 = EDGE_LOOP ( 'NONE', ( #929, #1357, #2394, #419 ) ) ;
#636 = AXIS2_PLACEMENT_3D ( 'NONE', #182, #1198, #1459 ) ;
#637 = VERTEX_POINT ( 'NONE', #3020 ) ;
#638 = DIRECTION ( 'NONE',  ( -0.0000000000000000000, -0.0000000000000000000, -1.000000000000000000 ) ) ;
#639 = CARTESIAN_POINT ( 'NONE',  ( 1.240474826963494000, 0.1324933768271632200, 1.149999999999999900 ) ) ;
#640 = VECTOR ( 'NONE', #2758, 1000.000000000000200 ) ;
#641 = ADVANCED_FACE ( 'NONE', ( #2842 ), #234, .F. ) ;
#642 = EDGE_CURVE ( 'NONE', #1154, #742, #3171, .T. ) ;
#643 = DIRECTION ( 'NONE',  ( 1.034393262474579000E-015, -1.000000000000000000, 0.0000000000000000000 ) ) ;
#644 = AXIS2_PLACEMENT_3D ( 'NONE', #1470, #1458, #3260 ) ;
#645 = DIRECTION ( 'NONE',  ( 0.0000000000000000000, 0.0000000000000000000, 1.000000000000000000 ) ) ;
#646 = CYLINDRICAL_SURFACE ( 'NONE', #2193, 0.2445782486650656100 ) ;
#647 = CARTESIAN_POINT ( 'NONE',  ( -0.7432886582947496600, 0.9296260011791140900, -1.393288658294749200 ) ) ;
#648 = EDGE_CURVE ( 'NONE', #217, #1379, #348, .T. ) ;
#649 = LINE ( 'NONE', #1185, #2028 ) ;
#650 = ORIENTED_EDGE ( 'NONE', *, *, #1014, .F. ) ;
#651 = CARTESIAN_POINT ( 'NONE',  ( -0.7776064734500255400, 0.7349999999999929900, 0.7500000000000000000 ) ) ;
#652 = CARTESIAN_POINT ( 'NONE',  ( -0.7249967059835924500, 0.1826351822333073200, 1.301136124507676700 ) ) ;
#653 = EDGE_CURVE ( 'NONE', #1271, #1795, #1433, .T. ) ;
#654 = CIRCLE ( 'NONE', #1002, 0.1175782486650656700 ) ;
#655 = VERTEX_POINT ( 'NONE', #1336 ) ;
#656 = CARTESIAN_POINT ( 'NONE',  ( -1.395567763918783100, -2.563694073882670400E-016, 0.7500000000000000000 ) ) ;
#657 = LINE ( 'NONE', #2470, #1958 ) ;
#658 = DIRECTION ( 'NONE',  ( 0.0000000000000000000, 0.0000000000000000000, 1.000000000000000000 ) ) ;
#659 = DIRECTION ( 'NONE',  ( -0.9993908270190961000, 0.03489949670249122700, 0.0000000000000000000 ) ) ;
#660 = CARTESIAN_POINT ( 'NONE',  ( -0.6469698604445537300, 1.000000000000000000, -1.296969860444553400 ) ) ;
#661 = ORIENTED_EDGE ( 'NONE', *, *, #3344, .T. ) ;
#662 = CARTESIAN_POINT ( 'NONE',  ( 0.7414031294181877600, 0.9403193668171228000, 1.320578089939676600 ) ) ;
#663 = VECTOR ( 'NONE', #1621, 1000.000000000000000 ) ;
#664 = ORIENTED_EDGE ( 'NONE', *, *, #1014, .T. ) ;
#665 = CARTESIAN_POINT ( 'NONE',  ( 0.8824217513349343900, 0.7349999999999929900, -0.7500000000000000000 ) ) ;
#666 = ORIENTED_EDGE ( 'NONE', *, *, #2880, .T. ) ;
#667 = DIRECTION ( 'NONE',  ( 0.0000000000000000000, 0.0000000000000000000, 1.000000000000000000 ) ) ;
#668 = LINE ( 'NONE', #1692, #764 ) ;
#669 = VERTEX_POINT ( 'NONE', #2301 ) ;
#670 = CARTESIAN_POINT ( 'NONE',  ( 0.8824217513349346100, 0.4904217513349276600, 1.149999999999999900 ) ) ;
#671 = ORIENTED_EDGE ( 'NONE', *, *, #1231, .F. ) ;
#672 = DIRECTION ( 'NONE',  ( -0.0000000000000000000, -0.0000000000000000000, -1.000000000000000000 ) ) ;
#673 = EDGE_CURVE ( 'NONE', #1795, #179, #3095, .T. ) ;
#674 = CARTESIAN_POINT ( 'NONE',  ( 0.6674954676956442700, 0.9616486110369076900, 1.379072289448916700 ) ) ;
#675 = DIRECTION ( 'NONE',  ( -1.000000000000000000, -1.034393262474579000E-015, -0.0000000000000000000 ) ) ;
#676 = EDGE_LOOP ( 'NONE', ( #1814, #1089, #1233, #510 ) ) ;
#677 = CARTESIAN_POINT ( 'NONE',  ( -0.8824217513349343900, 0.7349999999999931000, -0.7500000000000000000 ) ) ;
#678 = ORIENTED_EDGE ( 'NONE', *, *, #2642, .F. ) ;
#679 = ADVANCED_FACE ( 'NONE', ( #262 ), #3295, .F. ) ;
#680 = CARTESIAN_POINT ( 'NONE',  ( -0.4250000000000001600, 1.000000000000000000, -1.212500000000000100 ) ) ;
#681 = ORIENTED_EDGE ( 'NONE', *, *, #1595, .T. ) ;
#682 = CARTESIAN_POINT ( 'NONE',  ( -0.7454506357457746400, 0.9173648177666926500, -1.321590054269858600 ) ) ;
#683 = DIRECTION ( 'NONE',  ( -0.0000000000000000000, -0.0000000000000000000, 1.000000000000000000 ) ) ;
#684 = DIRECTION ( 'NONE',  ( 1.034393262474579000E-015, -1.000000000000000000, 0.0000000000000000000 ) ) ;
#685 = CIRCLE ( 'NONE', #763, 0.1375000000000000400 ) ;
#686 = VECTOR ( 'NONE', #1155, 999.9999999999998900 ) ;
#687 = EDGE_CURVE ( 'NONE', #2398, #235, #2002, .T. ) ;
#688 = DIRECTION ( 'NONE',  ( 0.03489949670249473800, 0.9993908270190959800, -0.0000000000000000000 ) ) ;
#689 = LINE ( 'NONE', #2855, #1071 ) ;
#690 =( NAMED_UNIT ( * ) PLANE_ANGLE_UNIT ( ) SI_UNIT ( $, .RADIAN. ) );
#691 = DIRECTION ( 'NONE',  ( -0.9848077530122083500, -0.1736481776669283300, 0.0000000000000000000 ) ) ;
#692 = LINE ( 'NONE', #1513, #1518 ) ;
#693 = ORIENTED_EDGE ( 'NONE', *, *, #355, .F. ) ;
#694 = CARTESIAN_POINT ( 'NONE',  ( -0.6614319236592815000, 1.000000262244451700, 1.311431923659283300 ) ) ;
#695 = ADVANCED_FACE ( 'NONE', ( #2238 ), #2618, .F. ) ;
#696 = EDGE_CURVE ( 'NONE', #916, #1501, #549, .T. ) ;
#697 = CARTESIAN_POINT ( 'NONE',  ( 0.7308798235622817600, 1.000000000000000000, 0.0000000000000000000 ) ) ;
#698 = VECTOR ( 'NONE', #1631, 1000.000000000000000 ) ;
#699 = ORIENTED_EDGE ( 'NONE', *, *, #2199, .F. ) ;
#700 = CARTESIAN_POINT ( 'NONE',  ( 1.244578248665065600, 0.2500000000000001100, 0.1999999999999999800 ) ) ;
#701 = CARTESIAN_POINT ( 'NONE',  ( 0.6977411910388409100, 1.000000000000000000, 1.309662693093125400 ) ) ;
#702 = DIRECTION ( 'NONE',  ( -0.0000000000000000000, 1.000000000000000000, -0.0000000000000000000 ) ) ;
#703 = VECTOR ( 'NONE', #24, 1000.000000000000200 ) ;
#704 = ORIENTED_EDGE ( 'NONE', *, *, #2382, .T. ) ;
#705 = FACE_OUTER_BOUND ( 'NONE', #1538, .T. ) ;
#706 = ORIENTED_EDGE ( 'NONE', *, *, #2183, .F. ) ;
#707 = ADVANCED_FACE ( 'NONE', ( #2754 ), #2551, .F. ) ;
#708 = SURFACE_SIDE_STYLE ('',( #1337 ) ) ;
#709 = VERTEX_POINT ( 'NONE', #218 ) ;
#710 = CARTESIAN_POINT ( 'NONE',  ( -0.7283013959751094600, 0.6202611834124308600, 1.452161977451024800 ) ) ;
#711 = VECTOR ( 'NONE', #2139, 1000.000000000000000 ) ;
#712 = ORIENTED_EDGE ( 'NONE', *, *, #1345, .T. ) ;
#713 = CARTESIAN_POINT ( 'NONE',  ( -1.126999999999999800, 0.4904217513349274400, 1.149999999999999900 ) ) ;
#714 = CARTESIAN_POINT ( 'NONE',  ( 0.8824217513349343900, 0.6079999999999933200, 0.1999999999999999800 ) ) ;
#715 = AXIS2_PLACEMENT_3D ( 'NONE', #700, #200, #2012 ) ;
#716 = CARTESIAN_POINT ( 'NONE',  ( -0.6977411910388413600, 1.000000000000000000, -1.309662693093125400 ) ) ;
#717 = VERTEX_POINT ( 'NONE', #1505 ) ;
#718 = CARTESIAN_POINT ( 'NONE',  ( 0.8824217513349346100, 0.4904217513349276600, -0.7500000000000000000 ) ) ;
#719 = CARTESIAN_POINT ( 'NONE',  ( 1.126999999999999800, 0.4904217513349277700, -0.7500000000000000000 ) ) ;
#720 = EDGE_CURVE ( 'NONE', #905, #2029, #2120, .T. ) ;
#721 = ORIENTED_EDGE ( 'NONE', *, *, #115, .T. ) ;
#722 = CARTESIAN_POINT ( 'NONE',  ( 1.127000000000000000, 0.2500000000000000600, 1.149999999999999900 ) ) ;
#723 = EDGE_LOOP ( 'NONE', ( #1714, #1515, #1808, #3018 ) ) ;
#724 = CARTESIAN_POINT ( 'NONE',  ( 1.399999999999999900, 0.1269226350314252800, -0.7500000000000000000 ) ) ;
#725 = EDGE_CURVE ( 'NONE', #441, #797, #2970, .T. ) ;
#726 = CARTESIAN_POINT ( 'NONE',  ( -0.7249967059835924500, 0.1826351822333073200, 1.301136124507676700 ) ) ;
#727 = ORIENTED_EDGE ( 'NONE', *, *, #3177, .F. ) ;
#728 = CARTESIAN_POINT ( 'NONE',  ( -1.236042590882277200, 0.005570741795737780100, -0.7500000000000000000 ) ) ;
#729 = DIRECTION ( 'NONE',  ( -0.0000000000000000000, -0.0000000000000000000, -1.000000000000000000 ) ) ;
#730 = VERTEX_POINT ( 'NONE', #1032 ) ;
#731 =( LENGTH_UNIT ( ) NAMED_UNIT ( * ) SI_UNIT ( .MILLI., .METRE. ) );
#732 = ADVANCED_FACE ( 'NONE', ( #1450 ), #1007, .T. ) ;
#733 = CARTESIAN_POINT ( 'NONE',  ( -0.6674954676956440500, 0.9616486110369106800, 1.379072289448913600 ) ) ;
#734 = CARTESIAN_POINT ( 'NONE',  ( 0.7999999999999999300, 0.6079999999999934300, 0.1999999999999999800 ) ) ;
#735 = LINE ( 'NONE', #3234, #2026 ) ;
#736 = CARTESIAN_POINT ( 'NONE',  ( 1.000000000000000200, 0.4904217513349276600, 1.149999999999999900 ) ) ;
#737 = COLOUR_RGB ( '',1.000000000000000000, 1.000000000000000000, 1.000000000000000000 ) ;
#738 = PLANE ( 'NONE',  #3189 ) ;
#739 = ORIENTED_EDGE ( 'NONE', *, *, #1262, .T. ) ;
#740 = EDGE_CURVE ( 'NONE', #1791, #2021, #2528, .T. ) ;
#741 = CIRCLE ( 'NONE', #1331, 0.2445782486650653900 ) ;
#742 = VERTEX_POINT ( 'NONE', #1302 ) ;
#743 = APPLICATION_CONTEXT ( 'automotive_design' ) ;
#744 = CARTESIAN_POINT ( 'NONE',  ( -0.6381297039156084100, 0.1084397224131148600, 1.322971023615318900 ) ) ;
#745 = EDGE_CURVE ( 'NONE', #709, #1872, #2279, .T. ) ;
#746 = FILL_AREA_STYLE_COLOUR ( '', #881 ) ;
#747 = VECTOR ( 'NONE', #2100, 1000.000000000000000 ) ;
#748 = EDGE_LOOP ( 'NONE', ( #2046, #1339 ) ) ;
#749 = EDGE_CURVE ( 'NONE', #1857, #187, #1125, .T. ) ;
#750 = CARTESIAN_POINT ( 'NONE',  ( 0.7086183596867327000, 0.1383513889630906500, 1.297041537933462100 ) ) ;
#751 = VECTOR ( 'NONE', #766, 999.9999999999998900 ) ;
#752 = ADVANCED_FACE ( 'NONE', ( #1084 ), #1565, .T. ) ;
#753 = EDGE_LOOP ( 'NONE', ( #332, #888, #2610, #2051 ) ) ;
#754 = CARTESIAN_POINT ( 'NONE',  ( -0.8824217513349343900, 0.6079999999999931000, 1.149999999999999900 ) ) ;
#755 = CARTESIAN_POINT ( 'NONE',  ( 0.8824217513349346100, 0.4904217513349276600, 0.1999999999999999800 ) ) ;
#756 = AXIS2_PLACEMENT_3D ( 'NONE', #107, #1150, #1177 ) ;
#757 = LINE ( 'NONE', #880, #509 ) ;
#758 = ORIENTED_EDGE ( 'NONE', *, *, #1871, .T. ) ;
#759 = DIRECTION ( 'NONE',  ( 0.0000000000000000000, 1.000000000000000000, 0.0000000000000000000 ) ) ;
#760 = DIRECTION ( 'NONE',  ( 0.9848077530122086900, -0.1736481776669265800, 0.0000000000000000000 ) ) ;
#761 = ORIENTED_EDGE ( 'NONE', *, *, #2228, .F. ) ;
#762 = CARTESIAN_POINT ( 'NONE',  ( 1.000000000000000000, 0.2500000000000004400, 1.149999999999999900 ) ) ;
#763 = AXIS2_PLACEMENT_3D ( 'NONE', #2916, #2403, #1651 ) ;
#764 = VECTOR ( 'NONE', #1965, 1000.000000000000000 ) ;
#765 = VERTEX_POINT ( 'NONE', #1065 ) ;
#766 = DIRECTION ( 'NONE',  ( 0.1710878697460323800, -0.9702875252478151400, 0.1710878697460324100 ) ) ;
#767 = CARTESIAN_POINT ( 'NONE',  ( 0.7776064734500255400, 0.7349999999999932100, 1.149999999999999900 ) ) ;
#768 = ORIENTED_EDGE ( 'NONE', *, *, #2713, .T. ) ;
#769 = DIRECTION ( 'NONE',  ( -9.019168743805712700E-016, -1.000000000000000000, 0.0000000000000000000 ) ) ;
#770 = DIRECTION ( 'NONE',  ( -0.0000000000000000000, -0.0000000000000000000, -1.000000000000000000 ) ) ;
#771 = DIRECTION ( 'NONE',  ( 0.0000000000000000000, 0.0000000000000000000, 1.000000000000000000 ) ) ;
#772 =( BOUNDED_SURFACE ( )  B_SPLINE_SURFACE ( 3, 2, ( 
 ( #682, #647, #1440 ),
 ( #2707, #3006, #3269 ),
 ( #3226, #3257, #400 ),
 ( #177, #1172, #1719 ),
 ( #1985, #2205, #1955 ),
 ( #156, #1685, #660 ) ),
 .UNSPECIFIED., .F., .F., .T. ) 
 B_SPLINE_SURFACE_WITH_KNOTS ( ( 4, 2, 4 ),
 ( 3, 3 ),
 ( 3.316125578789222300, 4.014257279586956000, 4.712388980384689700 ),
 ( 0.0000000000000000000, 1.000000000000000000 ),
 .UNSPECIFIED. ) 
 GEOMETRIC_REPRESENTATION_ITEM ( )  RATIONAL_B_SPLINE_SURFACE ( (
 ( 1.000000000000000000, 0.7176885430348755000, 1.000000000000000000),
 ( 1.000000000000000000, 0.7454573872795403600, 1.000000000000000000),
 ( 1.000000000000000000, 0.8264515659729936300, 1.000000000000000000),
 ( 1.000000000000000000, 0.9550220312680459700, 1.000000000000000000),
 ( 1.000000000000000000, 1.001678127009431300, 1.000000000000000000),
 ( 1.000000000000000000, 1.000000000000000000, 1.000000000000000000) ) ) 
 REPRESENTATION_ITEM ( '' )  SURFACE ( )  );
#773 = EDGE_CURVE ( 'NONE', #637, #655, #1206, .T. ) ;
#774 = CARTESIAN_POINT ( 'NONE',  ( 0.6469698604445534000, 1.000000000000000000, -1.296969860444553400 ) ) ;
#775 = DIRECTION ( 'NONE',  ( 0.1736481776669257800, -0.9848077530122089100, -0.0000000000000000000 ) ) ;
#776 = VERTEX_POINT ( 'NONE', #3108 ) ;
#777 = EDGE_CURVE ( 'NONE', #179, #1941, #1847, .T. ) ;
#778 = ORIENTED_EDGE ( 'NONE', *, *, #1914, .F. ) ;
#779 = DIRECTION ( 'NONE',  ( 0.0000000000000000000, 0.1736481776669280000, -0.9848077530122084600 ) ) ;
#780 = ADVANCED_FACE ( 'NONE', ( #3245 ), #1404, .F. ) ;
#781 = ORIENTED_EDGE ( 'NONE', *, *, #2645, .F. ) ;
#782 = AXIS2_PLACEMENT_3D ( 'NONE', #3259, #1225, #956 ) ;
#783 = CARTESIAN_POINT ( 'NONE',  ( 1.236042590882277600, 0.005570741795738105300, 1.149999999999999900 ) ) ;
#784 = CARTESIAN_POINT ( 'NONE',  ( 0.6702797793613598500, 1.000000000000000000, -1.302797340173755100 ) ) ;
#785 = LINE ( 'NONE', #2463, #1145 ) ;
#786 = EDGE_LOOP ( 'NONE', ( #1644, #1552, #2599, #1041 ) ) ;
#787 = LINE ( 'NONE', #344, #2867 ) ;
#788 = CYLINDRICAL_SURFACE ( 'NONE', #2047, 0.1175782486650656700 ) ;
#789 = ORIENTED_EDGE ( 'NONE', *, *, #2252, .F. ) ;
#790 = CARTESIAN_POINT ( 'NONE',  ( 0.7776064734500255400, 0.7349999999999932100, -0.1999999999999999800 ) ) ;
#791 = ADVANCED_FACE ( 'NONE', ( #3337 ), #870, .F. ) ;
#792 = DIRECTION ( 'NONE',  ( 0.0000000000000000000, -0.0000000000000000000, 1.000000000000000000 ) ) ;
#793 = CARTESIAN_POINT ( 'NONE',  ( 1.240474826963494000, 0.1324933768271632200, -0.7500000000000000000 ) ) ;
#794 = VECTOR ( 'NONE', #2978, 1000.000000000000000 ) ;
#795 = EDGE_LOOP ( 'NONE', ( #1687, #1848, #2852, #3214 ) ) ;
#796 = CARTESIAN_POINT ( 'NONE',  ( 1.000000000000000200, 0.4904217513349276600, 0.1999999999999999800 ) ) ;
#797 = VERTEX_POINT ( 'NONE', #1132 ) ;
#798 = EDGE_CURVE ( 'NONE', #1636, #434, #2925, .T. ) ;
#799 = ORIENTED_EDGE ( 'NONE', *, *, #2550, .T. ) ;
#800 =( NAMED_UNIT ( * ) SI_UNIT ( $, .STERADIAN. ) SOLID_ANGLE_UNIT ( ) );
#801 = VERTEX_POINT ( 'NONE', #857 ) ;
#802 = CARTESIAN_POINT ( 'NONE',  ( -0.8824217513349343900, 0.6079999999999931000, -0.7500000000000000000 ) ) ;
#803 = AXIS2_PLACEMENT_3D ( 'NONE', #1684, #659, #1967 ) ;
#804 = CYLINDRICAL_SURFACE ( 'NONE', #1950, 0.2445782486650653900 ) ;
#805 = ORIENTED_EDGE ( 'NONE', *, *, #3344, .F. ) ;
#806 = CARTESIAN_POINT ( 'NONE',  ( -0.8000000000000001600, 0.6079999999999931000, 0.7500000000000000000 ) ) ;
#807 = LINE ( 'NONE', #1701, #925 ) ;
#808 = CARTESIAN_POINT ( 'NONE',  ( -0.6915793418514736300, 0.1164452457843647800, -1.341579341851471000 ) ) ;
#809 = ORIENTED_EDGE ( 'NONE', *, *, #1822, .T. ) ;
#810 = DIRECTION ( 'NONE',  ( 0.9993908270190958700, -0.03489949670249473800, -0.0000000000000000000 ) ) ;
#811 = CARTESIAN_POINT ( 'NONE',  ( -1.126999999999999800, 0.4904217513349274400, -1.149999999999999900 ) ) ;
#812 = ADVANCED_FACE ( 'NONE', ( #2153 ), #259, .F. ) ;
#813 = EDGE_CURVE ( 'NONE', #1730, #3035, #2565, .T. ) ;
#814 = DIRECTION ( 'NONE',  ( -1.000000000000000000, -0.0000000000000000000, -0.0000000000000000000 ) ) ;
#815 = EDGE_CURVE ( 'NONE', #669, #2712, #2161, .T. ) ;
#816 = CARTESIAN_POINT ( 'NONE',  ( 1.126999999999999800, 0.4904217513349277700, 0.7500000000000000000 ) ) ;
#817 = CARTESIAN_POINT ( 'NONE',  ( -1.236042590882277200, 0.005570741795737780100, 0.7500000000000000000 ) ) ;
#818 = AXIS2_PLACEMENT_3D ( 'NONE', #2243, #1486, #2725 ) ;
#819 = CARTESIAN_POINT ( 'NONE',  ( 1.000000000000000000, 0.2500000000000004400, -0.1999999999999999800 ) ) ;
#820 = LINE ( 'NONE', #2189, #1471 ) ;
#821 = LINE ( 'NONE', #150, #609 ) ;
#822 = ORIENTED_EDGE ( 'NONE', *, *, #837, .F. ) ;
#823 = DIRECTION ( 'NONE',  ( 0.0000000000000000000, 0.0000000000000000000, 1.000000000000000000 ) ) ;
#824 = CARTESIAN_POINT ( 'NONE',  ( 0.6469698604445534000, 1.000000000000000000, -1.380879823562281700 ) ) ;
#825 = CARTESIAN_POINT ( 'NONE',  ( 0.6814677012963325000, 0.3676777155601728700, -1.331467701296332700 ) ) ;
#826 = LINE ( 'NONE', #202, #1596 ) ;
#827 = ORIENTED_EDGE ( 'NONE', *, *, #1405, .T. ) ;
#828 = EDGE_CURVE ( 'NONE', #1978, #514, #345, .T. ) ;
#829 = CARTESIAN_POINT ( 'NONE',  ( 0.6409779938971007500, 0.09999973775555186200, -1.290977993897100000 ) ) ;
#830 = LINE ( 'NONE', #2650, #376 ) ;
#831 = ORIENTED_EDGE ( 'NONE', *, *, #243, .F. ) ;
#832 = AXIS2_PLACEMENT_3D ( 'NONE', #1282, #1230, #3067 ) ;
#833 = MANIFOLD_SOLID_BREP ( 'Pin 1', #292 ) ;
#834 = DIRECTION ( 'NONE',  ( 0.0000000000000000000, 1.000000000000000000, 0.0000000000000000000 ) ) ;
#835 = ORIENTED_EDGE ( 'NONE', *, *, #2034, .T. ) ;
#836 = DIRECTION ( 'NONE',  ( 1.000000000000000000, 0.0000000000000000000, -0.0000000000000000000 ) ) ;
#837 = EDGE_CURVE ( 'NONE', #3270, #2771, #1043, .T. ) ;
#838 = DIRECTION ( 'NONE',  ( 0.9993908270190958700, -0.03489949670249473800, -0.0000000000000000000 ) ) ;
#839 = CARTESIAN_POINT ( 'NONE',  ( 1.236042590882277600, 0.005570741795738105300, 0.1999999999999999800 ) ) ;
#840 = LINE ( 'NONE', #145, #1446 ) ;
#841 = ORIENTED_EDGE ( 'NONE', *, *, #2199, .T. ) ;
#842 = DIRECTION ( 'NONE',  ( 0.9993908270190959800, 0.03489949670249464100, -0.0000000000000000000 ) ) ;
#843 = CARTESIAN_POINT ( 'NONE',  ( 0.6511361245076766600, 0.1956587955583268500, -1.301136124507676500 ) ) ;
#844 = VECTOR ( 'NONE', #1006, 1000.000000000000000 ) ;
#845 = CARTESIAN_POINT ( 'NONE',  ( 0.7228347285325673600, 0.1703739988208856600, -1.372834728532567300 ) ) ;
#846 = DIRECTION ( 'NONE',  ( -1.000000000000000000, 0.0000000000000000000, 0.0000000000000000000 ) ) ;
#847 = FACE_OUTER_BOUND ( 'NONE', #545, .T. ) ;
#848 = ORIENTED_EDGE ( 'NONE', *, *, #3290, .T. ) ;
#849 = DIRECTION ( 'NONE',  ( -0.0000000000000000000, -0.0000000000000000000, -1.000000000000000000 ) ) ;
#850 = EDGE_LOOP ( 'NONE', ( #721, #2719, #68, #506 ) ) ;
#851 = CARTESIAN_POINT ( 'NONE',  ( -1.399999999999999900, 0.1269226350314249200, -0.7500000000000000000 ) ) ;
#852 = ORIENTED_EDGE ( 'NONE', *, *, #2902, .T. ) ;
#853 = PLANE ( 'NONE',  #1112 ) ;
#854 = DIRECTION ( 'NONE',  ( -0.0000000000000000000, -0.0000000000000000000, -1.000000000000000000 ) ) ;
#855 = DIRECTION ( 'NONE',  ( -0.0000000000000000000, -0.0000000000000000000, -1.000000000000000000 ) ) ;
#856 = CARTESIAN_POINT ( 'NONE',  ( -1.240474826963494000, 0.1324933768271628900, 0.7500000000000000000 ) ) ;
#857 = CARTESIAN_POINT ( 'NONE',  ( 1.236042590882277600, 0.005570741795738105300, 0.1999999999999999800 ) ) ;
#858 = ORIENTED_EDGE ( 'NONE', *, *, #1265, .F. ) ;
#859 = VECTOR ( 'NONE', #2511, 999.9999999999998900 ) ;
#860 = EDGE_CURVE ( 'NONE', #2898, #1791, #71, .T. ) ;
#861 = DIRECTION ( 'NONE',  ( 0.0000000000000000000, -0.0000000000000000000, -1.000000000000000000 ) ) ;
#862 = CARTESIAN_POINT ( 'NONE',  ( 0.7308798235622817600, 1.000000000000000000, 1.296969860444553400 ) ) ;
#863 = DIRECTION ( 'NONE',  ( -1.000000000000000000, 0.0000000000000000000, 0.0000000000000000000 ) ) ;
#864 = FACE_OUTER_BOUND ( 'NONE', #1218, .T. ) ;
#865 = ORIENTED_EDGE ( 'NONE', *, *, #2368, .F. ) ;
#866 = CIRCLE ( 'NONE', #233, 0.2445782486650656100 ) ;
#867 = CARTESIAN_POINT ( 'NONE',  ( -1.000000000000000000, 0.2499999999999997800, -1.149999999999999900 ) ) ;
#868 = LINE ( 'NONE', #2045, #335 ) ;
#869 = VERTEX_POINT ( 'NONE', #2921 ) ;
#870 = PLANE ( 'NONE',  #2086 ) ;
#871 = CARTESIAN_POINT ( 'NONE',  ( 1.244578248665065600, 0.2500000000000001100, 0.1999999999999999800 ) ) ;
#872 = FACE_OUTER_BOUND ( 'NONE', #3324, .T. ) ;
#873 = ORIENTED_EDGE ( 'NONE', *, *, #285, .F. ) ;
#874 = CARTESIAN_POINT ( 'NONE',  ( 1.127000000000000000, 0.2500000000000000600, 1.149999999999999900 ) ) ;
#875 = ORIENTED_EDGE ( 'NONE', *, *, #14, .T. ) ;
#876 = CARTESIAN_POINT ( 'NONE',  ( 0.8824217513349346100, 0.4904217513349276600, -1.149999999999999900 ) ) ;
#877 = EDGE_CURVE ( 'NONE', #2820, #1128, #757, .T. ) ;
#878 = VECTOR ( 'NONE', #1374, 1000.000000000000000 ) ;
#879 = VERTEX_POINT ( 'NONE', #305 ) ;
#880 = CARTESIAN_POINT ( 'NONE',  ( 1.000000000000000000, 0.2500000000000004400, -1.149999999999999900 ) ) ;
#881 = COLOUR_RGB ( '',0.7921568627450980000, 0.8196078431372548800, 0.9333333333333333500 ) ;
#882 = ORIENTED_EDGE ( 'NONE', *, *, #924, .F. ) ;
#883 = EDGE_CURVE ( 'NONE', #3246, #3224, #1527, .T. ) ;
#884 = DIRECTION ( 'NONE',  ( -0.9848077530122086900, 0.1736481776669272500, 0.0000000000000000000 ) ) ;
#885 = AXIS2_PLACEMENT_3D ( 'NONE', #50, #2089, #2594 ) ;
#886 = LINE ( 'NONE', #2984, #2759 ) ;
#887 = ORIENTED_EDGE ( 'NONE', *, *, #1727, .F. ) ;
#888 = ORIENTED_EDGE ( 'NONE', *, *, #1592, .T. ) ;
#889 = DIRECTION ( 'NONE',  ( -0.0000000000000000000, -0.0000000000000000000, -1.000000000000000000 ) ) ;
#890 = ORIENTED_EDGE ( 'NONE', *, *, #2811, .F. ) ;
#891 = AXIS2_PLACEMENT_3D ( 'NONE', #378, #658, #3240 ) ;
#892 = DIRECTION ( 'NONE',  ( 0.9848077530122089100, 0.1736481776669258100, -0.0000000000000000000 ) ) ;
#893 = DIRECTION ( 'NONE',  ( 0.0000000000000000000, 0.1736481776669265800, -0.9848077530122086900 ) ) ;
#894 = ORIENTED_EDGE ( 'NONE', *, *, #75, .F. ) ;
#895 = DIRECTION ( 'NONE',  ( -0.0000000000000000000, -0.0000000000000000000, -1.000000000000000000 ) ) ;
#896 = CARTESIAN_POINT ( 'NONE',  ( 0.8824217513349346100, 0.4904217513349276600, -0.7500000000000000000 ) ) ;
#897 = EDGE_CURVE ( 'NONE', #2029, #905, #2041, .T. ) ;
#898 = PLANE ( 'NONE',  #1209 ) ;
#899 = VECTOR ( 'NONE', #2649, 1000.000000000000000 ) ;
#900 = EDGE_LOOP ( 'NONE', ( #2498, #2566, #2619, #2644 ) ) ;
#901 = EDGE_CURVE ( 'NONE', #2948, #2913, #2965, .T. ) ;
#902 = CARTESIAN_POINT ( 'NONE',  ( 1.395567763918783600, 8.544611162700630100E-017, -0.7500000000000000000 ) ) ;
#903 = VECTOR ( 'NONE', #1699, 1000.000000000000000 ) ;
#904 = VECTOR ( 'NONE', #1469, 1000.000000000000100 ) ;
#905 = VERTEX_POINT ( 'NONE', #2441 ) ;
#906 = CARTESIAN_POINT ( 'NONE',  ( -0.7261394185240817000, 0.6079999999999931000, -1.450000000000000000 ) ) ;
#907 = DIRECTION ( 'NONE',  ( -0.0000000000000000000, -0.0000000000000000000, -1.000000000000000000 ) ) ;
#908 = LINE ( 'NONE', #1626, #1361 ) ;
#909 = ORIENTED_EDGE ( 'NONE', *, *, #395, .F. ) ;
#910 = AXIS2_PLACEMENT_3D ( 'NONE', #3152, #834, #1945 ) ;
#911 = DIRECTION ( 'NONE',  ( 1.000000000000000000, 0.0000000000000000000, 0.0000000000000000000 ) ) ;
#912 = COLOUR_RGB ( '',0.7921568627450980000, 0.8196078431372548800, 0.9333333333333333500 ) ;
#913 = VERTEX_POINT ( 'NONE', #2182 ) ;
#914 = CARTESIAN_POINT ( 'NONE',  ( -0.7172759058457423000, 0.1388483487786153200, -1.293415324369826100 ) ) ;
#915 = DIRECTION ( 'NONE',  ( -1.000000000000000000, 0.0000000000000000000, 0.0000000000000000000 ) ) ;
#916 = VERTEX_POINT ( 'NONE', #932 ) ;
#917 = PRESENTATION_STYLE_ASSIGNMENT (( #354 ) ) ;
#918 = ORIENTED_EDGE ( 'NONE', *, *, #2058, .F. ) ;
#919 = EDGE_CURVE ( 'NONE', #913, #669, #2801, .T. ) ;
#920 = DIRECTION ( 'NONE',  ( -9.019168743805710700E-016, 1.000000000000000000, -0.0000000000000000000 ) ) ;
#921 = VECTOR ( 'NONE', #185, 1000.000000000000000 ) ;
#922 = ORIENTED_EDGE ( 'NONE', *, *, #860, .T. ) ;
#923 = AXIS2_PLACEMENT_3D ( 'NONE', #276, #251, #2059 ) ;
#924 = EDGE_CURVE ( 'NONE', #3093, #2820, #840, .T. ) ;
#925 = VECTOR ( 'NONE', #2994, 1000.000000000000000 ) ;
#926 = VERTEX_POINT ( 'NONE', #1678 ) ;
#927 = CARTESIAN_POINT ( 'NONE',  ( -1.127000000000000000, 0.4904217513349274400, 1.149999999999999900 ) ) ;
#928 = ADVANCED_FACE ( 'NONE', ( #3049 ), #134, .F. ) ;
#929 = ORIENTED_EDGE ( 'NONE', *, *, #2303, .T. ) ;
#930 = EDGE_LOOP ( 'NONE', ( #2993, #2860, #3211, #9 ) ) ;
#931 = AXIS2_PLACEMENT_3D ( 'NONE', #3185, #895, #2647 ) ;
#932 = CARTESIAN_POINT ( 'NONE',  ( 1.126999999999999800, 0.4904217513349277700, 0.1999999999999999800 ) ) ;
#933 =( BOUNDED_CURVE ( )  B_SPLINE_CURVE ( 3, ( #2467, #2253, #3331, #2289 ),
 .UNSPECIFIED., .F., .F. ) 
 B_SPLINE_CURVE_WITH_KNOTS ( ( 4, 4 ),
 ( 3.316125578789222300, 4.712388980384689700 ),
 .UNSPECIFIED. ) 
 CURVE ( )  GEOMETRIC_REPRESENTATION_ITEM ( )  RATIONAL_B_SPLINE_CURVE ( ( 1.000000000000000000, 0.8440296287459846400, 0.8440296287459846400, 1.000000000000000000 ) ) 
 REPRESENTATION_ITEM ( '' )  );
#934 = ADVANCED_FACE ( 'NONE', ( #140 ), #1648, .F. ) ;
#935 = DIRECTION ( 'NONE',  ( 0.0000000000000000000, 0.0000000000000000000, 1.000000000000000000 ) ) ;
#936 = VECTOR ( 'NONE', #2783, 1000.000000000000000 ) ;
#937 = EDGE_CURVE ( 'NONE', #1501, #730, #2483, .T. ) ;
#938 = CARTESIAN_POINT ( 'NONE',  ( 0.7696718089784131400, 0.6080000000000013200, 1.449999999999998000 ) ) ;
#939 = VECTOR ( 'NONE', #90, 1000.000000000000000 ) ;
#940 = EDGE_CURVE ( 'NONE', #1011, #1730, #1670, .T. ) ;
#941 = VERTEX_POINT ( 'NONE', #1176 ) ;
#942 = CARTESIAN_POINT ( 'NONE',  ( 0.6469698604445534000, 1.000000000000000000, 1.296969860444553400 ) ) ;
#943 = LINE ( 'NONE', #2526, #1739 ) ;
#944 = CARTESIAN_POINT ( 'NONE',  ( 0.6469698604445534000, 1.000000000000000000, 1.296969860444553400 ) ) ;
#945 = CIRCLE ( 'NONE', #207, 0.2445782486650656100 ) ;
#946 = CARTESIAN_POINT ( 'NONE',  ( -1.240474826963494000, 0.1324933768271629200, 1.149999999999999900 ) ) ;
#947 = ORIENTED_EDGE ( 'NONE', *, *, #897, .F. ) ;
#948 = CARTESIAN_POINT ( 'NONE',  ( -0.4250000000000001600, 0.9499999999999999600, -1.075000000000000000 ) ) ;
#949 = CIRCLE ( 'NONE', #339, 0.2445782486650656100 ) ;
#950 = ORIENTED_EDGE ( 'NONE', *, *, #2034, .F. ) ;
#951 = ADVANCED_FACE ( 'NONE', ( #1441 ), #898, .F. ) ;
#952 = PRESENTATION_LAYER_ASSIGNMENT (  '', '', ( #1764 ) ) ;
#953 = DIRECTION ( 'NONE',  ( -1.000000000000000000, 0.0000000000000000000, 0.0000000000000000000 ) ) ;
#954 = CIRCLE ( 'NONE', #228, 0.2445782486650656100 ) ;
#955 = ORIENTED_EDGE ( 'NONE', *, *, #813, .T. ) ;
#956 = DIRECTION ( 'NONE',  ( 1.000000000000000000, 0.0000000000000000000, 0.0000000000000000000 ) ) ;
#957 = CARTESIAN_POINT ( 'NONE',  ( -0.6772872612766590600, 0.1000000000000000600, 1.289208763330943500 ) ) ;
#958 = ORIENTED_EDGE ( 'NONE', *, *, #2228, .T. ) ;
#959 = CARTESIAN_POINT ( 'NONE',  ( 1.000000000000000000, 0.2500000000000004400, 0.1999999999999999800 ) ) ;
#960 = CARTESIAN_POINT ( 'NONE',  ( -0.7366342867103516900, 0.9673648177666928100, 1.319385967011003300 ) ) ;
#961 = LINE ( 'NONE', #2261, #844 ) ;
#962 = VERTEX_POINT ( 'NONE', #3210 ) ;
#963 = SURFACE_SIDE_STYLE ('',( #3316 ) ) ;
#964 = ORIENTED_EDGE ( 'NONE', *, *, #3026, .T. ) ;
#965 = CARTESIAN_POINT ( 'NONE',  ( -0.6934249533775006500, 0.9915602775868858100, 1.308583633677790500 ) ) ;
#966 = LINE ( 'NONE', #1058, #2129 ) ;
#967 = CARTESIAN_POINT ( 'NONE',  ( 0.8824217513349343900, 0.7349999999999929900, 1.149999999999999900 ) ) ;
#968 = CARTESIAN_POINT ( 'NONE',  ( -1.399999999999999900, 0.1269226350314249200, 0.7500000000000000000 ) ) ;
#969 = CARTESIAN_POINT ( 'NONE',  ( -1.000000000000000000, 0.2500000000000000000, -0.7500000000000000000 ) ) ;
#970 = ORIENTED_EDGE ( 'NONE', *, *, #1276, .F. ) ;
#971 = CARTESIAN_POINT ( 'NONE',  ( 0.0000000000000000000, 0.9000000000000000200, 1.296969860444553400 ) ) ;
#972 = AXIS2_PLACEMENT_3D ( 'NONE', #1773, #982, #1266 ) ;
#973 = PRODUCT_CONTEXT ( 'NONE', #3313, 'mechanical' ) ;
#974 = DIRECTION ( 'NONE',  ( -0.1710878697460335700, 0.9702875252478147000, -0.1710878697460328800 ) ) ;
#975 = CARTESIAN_POINT ( 'NONE',  ( -0.7454506357457746400, 0.9173648177666926500, 1.321590054269858600 ) ) ;
#976 = ADVANCED_FACE ( 'NONE', ( #1406 ), #1842, .T. ) ;
#977 =( BOUNDED_SURFACE ( )  B_SPLINE_SURFACE ( 3, 2, ( 
 ( #3292, #463, #1475 ),
 ( #2728, #164, #1047 ),
 ( #1311, #490, #2536 ),
 ( #2299, #515, #744 ),
 ( #3102, #3074, #3314 ),
 ( #3340, #3053, #2325 ) ),
 .UNSPECIFIED., .F., .F., .F. ) 
 B_SPLINE_SURFACE_WITH_KNOTS ( ( 4, 2, 4 ),
 ( 3, 3 ),
 ( 3.316125578789223200, 4.014257279586956900, 4.712388980384689700 ),
 ( 0.0000000000000000000, 1.000000000000000000 ),
 .UNSPECIFIED. ) 
 GEOMETRIC_REPRESENTATION_ITEM ( )  RATIONAL_B_SPLINE_SURFACE ( (
 ( 1.000000000000000000, 0.7176885430348756100, 1.000000000000000000),
 ( 1.000000000000000000, 0.7454573872795390300, 1.000000000000000000),
 ( 1.000000000000000000, 0.8264515659729948500, 1.000000000000000000),
 ( 1.000000000000000000, 0.9550220312680453000, 1.000000000000000000),
 ( 1.000000000000000000, 1.001678127009431300, 1.000000000000000000),
 ( 1.000000000000000000, 1.000000000000000000, 1.000000000000000000) ) ) 
 REPRESENTATION_ITEM ( '' )  SURFACE ( )  );
#978 = CARTESIAN_POINT ( 'NONE',  ( 1.236042590882277600, 0.005570741795738105300, -0.1999999999999999800 ) ) ;
#979 = AXIS2_PLACEMENT_3D ( 'NONE', #3063, #478, #2535 ) ;
#980 = CARTESIAN_POINT ( 'NONE',  ( 0.6614319236592826100, 1.000000262244451300, 1.311431923659284600 ) ) ;
#981 = AXIS2_PLACEMENT_3D ( 'NONE', #670, #1466, #392 ) ;
#982 = DIRECTION ( 'NONE',  ( 1.000000000000000000, -9.019168743805730500E-016, 0.0000000000000000000 ) ) ;
#983 = CYLINDRICAL_SURFACE ( 'NONE', #3019, 0.07499999999999998300 ) ;
#984 = CARTESIAN_POINT ( 'NONE',  ( -0.4250000000000001600, 1.000000000000000000, -1.212500000000000100 ) ) ;
#985 = AXIS2_PLACEMENT_3D ( 'NONE', #1445, #383, #618 ) ;
#986 = CARTESIAN_POINT ( 'NONE',  ( -0.7776064734500255400, 0.7349999999999929900, -0.7500000000000000000 ) ) ;
#987 = DIRECTION ( 'NONE',  ( -0.1710878697460319300, -0.9702875252478152500, -0.1710878697460314100 ) ) ;
#988 = VECTOR ( 'NONE', #3132, 1000.000000000000000 ) ;
#989 = DIRECTION ( 'NONE',  ( -0.0000000000000000000, -0.0000000000000000000, -1.000000000000000000 ) ) ;
#990 = ORIENTED_EDGE ( 'NONE', *, *, #197, .F. ) ;
#991 = DIRECTION ( 'NONE',  ( 0.9993908270190958700, 0.03489949670249498800, 0.0000000000000000000 ) ) ;
#992 = EDGE_CURVE ( 'NONE', #2236, #1857, #3045, .T. ) ;
#993 = LINE ( 'NONE', #1608, #2705 ) ;
#994 = ORIENTED_EDGE ( 'NONE', *, *, #1055, .T. ) ;
#995 = CARTESIAN_POINT ( 'NONE',  ( 0.7999999999999999300, 0.6079999999999934300, 1.149999999999999900 ) ) ;
#996 = ADVANCED_FACE ( 'NONE', ( #104 ), #631, .F. ) ;
#997 = AXIS2_PLACEMENT_3D ( 'NONE', #69, #849, #1609 ) ;
#998 = CARTESIAN_POINT ( 'NONE',  ( 0.8824217513349343900, 0.6079999999999933200, 1.149999999999999900 ) ) ;
#999 = DIRECTION ( 'NONE',  ( -9.019168743805710700E-016, 1.000000000000000000, -0.0000000000000000000 ) ) ;
#1000 = FACE_OUTER_BOUND ( 'NONE', #3183, .T. ) ;
#1001 = ORIENTED_EDGE ( 'NONE', *, *, #1183, .T. ) ;
#1002 = AXIS2_PLACEMENT_3D ( 'NONE', #3287, #3310, #1012 ) ;
#1003 =( NAMED_UNIT ( * ) PLANE_ANGLE_UNIT ( ) SI_UNIT ( $, .RADIAN. ) );
#1004 = CARTESIAN_POINT ( 'NONE',  ( 0.7454506357457743000, 0.9173648177666927600, 1.380879823562281700 ) ) ;
#1005 = COLOUR_RGB ( '',0.7921568627450980000, 0.8196078431372548800, 0.9333333333333333500 ) ;
#1006 = DIRECTION ( 'NONE',  ( -9.019168743805730500E-016, -1.000000000000000000, -0.0000000000000000000 ) ) ;
#1007 = CYLINDRICAL_SURFACE ( 'NONE', #3163, 0.2445782486650656100 ) ;
#1008 = ORIENTED_EDGE ( 'NONE', *, *, #2785, .T. ) ;
#1009 = CARTESIAN_POINT ( 'NONE',  ( 0.6265159306823714400, 0.2000000000000000400, 0.0000000000000000000 ) ) ;
#1010 = VECTOR ( 'NONE', #1455, 1000.000000000000000 ) ;
#1011 = VERTEX_POINT ( 'NONE', #1160 ) ;
#1012 = DIRECTION ( 'NONE',  ( 1.000000000000000000, 0.0000000000000000000, 0.0000000000000000000 ) ) ;
#1013 = CARTESIAN_POINT ( 'NONE',  ( -0.7999999999999993800, 0.6080000000000009800, -1.419671808978412800 ) ) ;
#1014 = EDGE_CURVE ( 'NONE', #2682, #3035, #2442, .T. ) ;
#1015 = CARTESIAN_POINT ( 'NONE',  ( 1.244578248665065600, 0.2500000000000001100, 1.149999999999999900 ) ) ;
#1016 = VECTOR ( 'NONE', #1279, 1000.000000000000000 ) ;
#1017 = VERTEX_POINT ( 'NONE', #652 ) ;
#1018 = EDGE_CURVE ( 'NONE', #2927, #709, #3291, .T. ) ;
#1019 = CARTESIAN_POINT ( 'NONE',  ( 0.6469698604445534000, 1.000000000000000000, -1.296969860444553400 ) ) ;
#1020 = ORIENTED_EDGE ( 'NONE', *, *, #1187, .T. ) ;
#1021 = CARTESIAN_POINT ( 'NONE',  ( 0.8824217513349343900, 0.7349999999999929900, 0.7500000000000000000 ) ) ;
#1022 = CARTESIAN_POINT ( 'NONE',  ( 0.6729710236153183500, 0.1084397224131141700, 1.288129703915607900 ) ) ;
#1023 = ORIENTED_EDGE ( 'NONE', *, *, #373, .T. ) ;
#1024 = CARTESIAN_POINT ( 'NONE',  ( 0.6265159306823714400, 0.1000000000000000500, 1.276515930682371500 ) ) ;
#1025 = AXIS2_PLACEMENT_3D ( 'NONE', #734, #2541, #2263 ) ;
#1026 = CARTESIAN_POINT ( 'NONE',  ( -1.127000000000000000, 0.4904217513349274400, -1.149999999999999900 ) ) ;
#1027 = CARTESIAN_POINT ( 'NONE',  ( 0.8824217513349343900, 0.6079999999999933200, 1.149999999999999900 ) ) ;
#1028 = VECTOR ( 'NONE', #501, 1000.000000000000000 ) ;
#1029 = CARTESIAN_POINT ( 'NONE',  ( -0.6596626930931256400, 1.000000000000000000, 1.347741191038841000 ) ) ;
#1030 = ADVANCED_FACE ( 'NONE', ( #544 ), #161, .T. ) ;
#1031 = VERTEX_POINT ( 'NONE', #2711 ) ;
#1032 = CARTESIAN_POINT ( 'NONE',  ( 0.7776064734500255400, 0.7349999999999932100, 0.1999999999999999800 ) ) ;
#1033 = LINE ( 'NONE', #459, #212 ) ;
#1034 = ORIENTED_EDGE ( 'NONE', *, *, #593, .F. ) ;
#1035 = DIRECTION ( 'NONE',  ( -0.0000000000000000000, -0.0000000000000000000, -1.000000000000000000 ) ) ;
#1036 = AXIS2_PLACEMENT_3D ( 'NONE', #334, #1888, #2135 ) ;
#1037 = LINE ( 'NONE', #2614, #615 ) ;
#1038 = EDGE_LOOP ( 'NONE', ( #875, #2908, #3322, #3046 ) ) ;
#1039 = CARTESIAN_POINT ( 'NONE',  ( 0.6392087633309433400, 0.1000000000000000200, 1.327287261276658900 ) ) ;
#1040 = VECTOR ( 'NONE', #2390, 1000.000000000000000 ) ;
#1041 = ORIENTED_EDGE ( 'NONE', *, *, #1704, .T. ) ;
#1042 = CARTESIAN_POINT ( 'NONE',  ( -0.8824217513349343900, 0.6079999999999932100, 1.149999999999999900 ) ) ;
#1043 = CIRCLE ( 'NONE', #2638, 0.2445782486650656100 ) ;
#1044 = ORIENTED_EDGE ( 'NONE', *, *, #749, .T. ) ;
#1045 = CARTESIAN_POINT ( 'NONE',  ( 1.240474826963494000, 0.1324933768271632200, -1.149999999999999900 ) ) ;
#1046 = ADVANCED_FACE ( 'NONE', ( #2080 ), #1750, .T. ) ;
#1047 = CARTESIAN_POINT ( 'NONE',  ( -0.6501241601774958600, 0.1596806331828795900, 1.370949199656005900 ) ) ;
#1048 = ORIENTED_EDGE ( 'NONE', *, *, #1731, .T. ) ;
#1049 = CARTESIAN_POINT ( 'NONE',  ( -0.7696718089784133600, 0.6080000000000014300, 1.449999999999999500 ) ) ;
#1050 = LINE ( 'NONE', #408, #1165 ) ;
#1051 = ORIENTED_EDGE ( 'NONE', *, *, #2789, .T. ) ;
#1052 = CARTESIAN_POINT ( 'NONE',  ( 0.6511361245076765500, 0.1826351822333073200, 1.374996705983592100 ) ) ;
#1053 = DIRECTION ( 'NONE',  ( 1.000000000000000000, -1.315432097626352800E-015, -0.0000000000000000000 ) ) ;
#1054 = EDGE_LOOP ( 'NONE', ( #2637, #2756, #1222, #64, #1711, #2574, #858, #2975, #2233, #2706, #887, #1306 ) ) ;
#1055 = EDGE_CURVE ( 'NONE', #1334, #3235, #2479, .T. ) ;
#1056 = ADVANCED_FACE ( 'NONE', ( #705 ), #2525, .F. ) ;
#1057 = EDGE_CURVE ( 'NONE', #187, #341, #3203, .T. ) ;
#1058 = CARTESIAN_POINT ( 'NONE',  ( -0.8824217513349343900, 0.6079999999999931000, 0.7500000000000000000 ) ) ;
#1059 = CARTESIAN_POINT ( 'NONE',  ( 0.7249967059835922300, 0.1826351822333073200, -1.301136124507676500 ) ) ;
#1060 = CARTESIAN_POINT ( 'NONE',  ( -0.7228347285325676900, 0.1703739988208856400, -1.372834728532567300 ) ) ;
#1061 = CARTESIAN_POINT ( 'NONE',  ( 0.6470415379334617500, 0.1383513889630915400, -1.358618359686733800 ) ) ;
#1062 = ADVANCED_FACE ( 'NONE', ( #1491 ), #28, .T. ) ;
#1063 = ORIENTED_EDGE ( 'NONE', *, *, #940, .F. ) ;
#1064 = DIRECTION ( 'NONE',  ( -0.0000000000000000000, -0.0000000000000000000, -1.000000000000000000 ) ) ;
#1065 = CARTESIAN_POINT ( 'NONE',  ( -1.127000000000000000, 0.2499999999999997800, -1.149999999999999900 ) ) ;
#1066 = LINE ( 'NONE', #793, #1028 ) ;
#1067 = AXIS2_PLACEMENT_3D ( 'NONE', #2258, #452, #3326 ) ;
#1068 = DIRECTION ( 'NONE',  ( -0.0000000000000000000, -0.0000000000000000000, -1.000000000000000000 ) ) ;
#1069 = DIRECTION ( 'NONE',  ( 0.0000000000000000000, 0.0000000000000000000, 1.000000000000000000 ) ) ;
#1070 = DIRECTION ( 'NONE',  ( 0.1736481776669272800, 0.9848077530122086900, 0.0000000000000000000 ) ) ;
#1071 = VECTOR ( 'NONE', #47, 1000.000000000000000 ) ;
#1072 = FILL_AREA_STYLE ('',( #511 ) ) ;
#1073 = FACE_OUTER_BOUND ( 'NONE', #2164, .T. ) ;
#1074 = CARTESIAN_POINT ( 'NONE',  ( -0.6265159306823716600, 0.1000000000000000500, 1.276515930682371500 ) ) ;
#1075 = DIRECTION ( 'NONE',  ( -0.0000000000000000000, -0.0000000000000000000, -1.000000000000000000 ) ) ;
#1076 = FACE_OUTER_BOUND ( 'NONE', #1255, .T. ) ;
#1077 = ORIENTED_EDGE ( 'NONE', *, *, #720, .T. ) ;
#1078 = EDGE_CURVE ( 'NONE', #2097, #3239, #2275, .T. ) ;
#1079 = CARTESIAN_POINT ( 'NONE',  ( 1.395567763918783600, 8.544611162700630100E-017, -0.1999999999999999800 ) ) ;
#1080 = DIRECTION ( 'NONE',  ( -0.0000000000000000000, -0.0000000000000000000, -1.000000000000000000 ) ) ;
#1081 = VERTEX_POINT ( 'NONE', #968 ) ;
#1082 = EDGE_LOOP ( 'NONE', ( #2624, #1640, #2344, #2198 ) ) ;
#1083 = CARTESIAN_POINT ( 'NONE',  ( -1.395567763918783100, -2.563694073882670400E-016, 1.149999999999999900 ) ) ;
#1084 = FACE_OUTER_BOUND ( 'NONE', #112, .T. ) ;
#1085 = ORIENTED_EDGE ( 'NONE', *, *, #773, .F. ) ;
#1086 = CARTESIAN_POINT ( 'NONE',  ( 0.8824217513349343900, 0.7349999999999929900, -1.149999999999999900 ) ) ;
#1087 = AXIS2_PLACEMENT_3D ( 'NONE', #1721, #1956, #1457 ) ;
#1088 = CYLINDRICAL_SURFACE ( 'NONE', #1772, 0.07499999999999996900 ) ;
#1089 = ORIENTED_EDGE ( 'NONE', *, *, #1099, .F. ) ;
#1090 = DIRECTION ( 'NONE',  ( 0.0000000000000000000, 0.0000000000000000000, 1.000000000000000000 ) ) ;
#1091 = PLANE ( 'NONE',  #1036 ) ;
#1092 = ORIENTED_EDGE ( 'NONE', *, *, #798, .F. ) ;
#1093 =( GEOMETRIC_REPRESENTATION_CONTEXT ( 3 ) GLOBAL_UNCERTAINTY_ASSIGNED_CONTEXT ( ( #2206 ) ) GLOBAL_UNIT_ASSIGNED_CONTEXT ( ( #731, #3039, #1228 ) ) REPRESENTATION_CONTEXT ( 'NONE', 'WORKASPACE' ) );
#1094 = VERTEX_POINT ( 'NONE', #3032 ) ;
#1095 = CARTESIAN_POINT ( 'NONE',  ( 0.7131505157330291200, 0.1326558613696034400, -1.363150515733029300 ) ) ;
#1096 = DIRECTION ( 'NONE',  ( 0.0000000000000000000, -0.1736481776669265800, -0.9848077530122086900 ) ) ;
#1097 = ORIENTED_EDGE ( 'NONE', *, *, #1018, .T. ) ;
#1098 = CARTESIAN_POINT ( 'NONE',  ( -0.8000000000000001600, 0.6079999999999931000, 1.149999999999999900 ) ) ;
#1099 = EDGE_CURVE ( 'NONE', #2833, #2172, #2881, .T. ) ;
#1100 = FILL_AREA_STYLE_COLOUR ( '', #1754 ) ;
#1101 = AXIS2_PLACEMENT_3D ( 'NONE', #3253, #1634, #1683 ) ;
#1102 = CARTESIAN_POINT ( 'NONE',  ( 1.395567763918783600, 8.544611162700630100E-017, 0.7500000000000000000 ) ) ;
#1103 = DIRECTION ( 'NONE',  ( 1.000000000000000000, 0.0000000000000000000, 0.0000000000000000000 ) ) ;
#1104 = EDGE_CURVE ( 'NONE', #398, #1017, #221, .T. ) ;
#1105 = CARTESIAN_POINT ( 'NONE',  ( -1.236042590882277200, 0.005570741795737780100, 1.149999999999999900 ) ) ;
#1106 = DIRECTION ( 'NONE',  ( 0.1710878697460332700, 0.9702875252478149200, -0.1710878697460325400 ) ) ;
#1107 = CARTESIAN_POINT ( 'NONE',  ( 0.6265159306823714400, 0.1000000000000000500, -1.276515930682371500 ) ) ;
#1108 = AXIS2_PLACEMENT_3D ( 'NONE', #2620, #1348, #2635 ) ;
#1109 = LINE ( 'NONE', #215, #1736 ) ;
#1110 = DIRECTION ( 'NONE',  ( -0.0000000000000000000, -0.0000000000000000000, -1.000000000000000000 ) ) ;
#1111 = ORIENTED_EDGE ( 'NONE', *, *, #1799, .T. ) ;
#1112 = AXIS2_PLACEMENT_3D ( 'NONE', #623, #1907, #2387 ) ;
#1113 = CARTESIAN_POINT ( 'NONE',  ( 0.8824217513349343900, 0.6079999999999933200, 0.1999999999999999800 ) ) ;
#1114 = VECTOR ( 'NONE', #1810, 1000.000000000000000 ) ;
#1115 = EDGE_LOOP ( 'NONE', ( #1121, #2074, #894, #2081 ) ) ;
#1116 = DIRECTION ( 'NONE',  ( 0.0000000000000000000, 0.0000000000000000000, 1.000000000000000000 ) ) ;
#1117 = EDGE_CURVE ( 'NONE', #3035, #2272, #2111, .T. ) ;
#1118 = PLANE ( 'NONE',  #3062 ) ;
#1119 = LINE ( 'NONE', #1113, #337 ) ;
#1120 = ORIENTED_EDGE ( 'NONE', *, *, #2660, .T. ) ;
#1121 = ORIENTED_EDGE ( 'NONE', *, *, #1574, .T. ) ;
#1122 = CARTESIAN_POINT ( 'NONE',  ( -1.240474826963494000, 0.1324933768271629200, 1.149999999999999900 ) ) ;
#1123 = EDGE_CURVE ( 'NONE', #3030, #926, #2191, .T. ) ;
#1124 = CARTESIAN_POINT ( 'NONE',  ( 0.8824217513349343900, 0.6079999999999933200, 0.7500000000000000000 ) ) ;
#1125 = LINE ( 'NONE', #1802, #418 ) ;
#1126 = ORIENTED_EDGE ( 'NONE', *, *, #2430, .T. ) ;
#1127 =( BOUNDED_SURFACE ( )  B_SPLINE_SURFACE ( 3, 2, ( 
 ( #2591, #1060, #538 ),
 ( #2845, #1578, #254 ),
 ( #2349, #808, #1381 ),
 ( #2425, #2414, #324 ),
 ( #91, #1902, #73 ),
 ( #1369, #1643, #3166 ) ),
 .UNSPECIFIED., .F., .F., .F. ) 
 B_SPLINE_SURFACE_WITH_KNOTS ( ( 4, 2, 4 ),
 ( 3, 3 ),
 ( 3.316125578789223200, 4.014257279586956900, 4.712388980384689700 ),
 ( 0.0000000000000000000, 1.000000000000000000 ),
 .UNSPECIFIED. ) 
 GEOMETRIC_REPRESENTATION_ITEM ( )  RATIONAL_B_SPLINE_SURFACE ( (
 ( 1.000000000000000000, 0.7176885430348756100, 1.000000000000000000),
 ( 1.000000000000000000, 0.7454573872795390300, 1.000000000000000000),
 ( 1.000000000000000000, 0.8264515659729948500, 1.000000000000000000),
 ( 1.000000000000000000, 0.9550220312680453000, 1.000000000000000000),
 ( 1.000000000000000000, 1.001678127009431300, 1.000000000000000000),
 ( 1.000000000000000000, 1.000000000000000000, 1.000000000000000000) ) ) 
 REPRESENTATION_ITEM ( '' )  SURFACE ( )  );
#1128 = VERTEX_POINT ( 'NONE', #1758 ) ;
#1129 = CARTESIAN_POINT ( 'NONE',  ( -0.6469698604445537300, 1.000000000000000000, -1.296969860444553400 ) ) ;
#1130 = CLOSED_SHELL ( 'NONE', ( #1062, #2222, #3252, #951 ) ) ;
#1131 = AXIS2_PLACEMENT_3D ( 'NONE', #447, #2521, #3023 ) ;
#1132 = CARTESIAN_POINT ( 'NONE',  ( -0.7454506357457745300, 0.9173648177666926500, -1.321590054269858900 ) ) ;
#1133 = VECTOR ( 'NONE', #2070, 1000.000000000000200 ) ;
#1134 = VERTEX_POINT ( 'NONE', #3273 ) ;
#1135 = DIRECTION ( 'NONE',  ( -1.000000000000000000, 1.315432097626353200E-015, 0.0000000000000000000 ) ) ;
#1136 = DIRECTION ( 'NONE',  ( -0.0000000000000000000, -0.0000000000000000000, -1.000000000000000000 ) ) ;
#1137 = ORIENTED_EDGE ( 'NONE', *, *, #2987, .F. ) ;
#1138 = CARTESIAN_POINT ( 'NONE',  ( -1.000000000000000000, 0.2500000000000000000, 0.7500000000000000000 ) ) ;
#1139 = CARTESIAN_POINT ( 'NONE',  ( -1.244578248665065600, 0.2499999999999997800, 1.149999999999999900 ) ) ;
#1140 = ORIENTED_EDGE ( 'NONE', *, *, #901, .T. ) ;
#1141 = SURFACE_SIDE_STYLE ('',( #460 ) ) ;
#1142 = EDGE_CURVE ( 'NONE', #2416, #1872, #1820, .T. ) ;
#1143 = CARTESIAN_POINT ( 'NONE',  ( 0.7249967059835922300, 0.1826351822333073200, -1.301136124507676500 ) ) ;
#1144 = CLOSED_SHELL ( 'NONE', ( #812, #1969, #1906, #250, #1291, #630, #541, #1551, #2165, #1815, #2455, #3028, #3092, #2854 ) ) ;
#1145 = VECTOR ( 'NONE', #3216, 1000.000000000000000 ) ;
#1146 = EDGE_LOOP ( 'NONE', ( #1161, #781, #3135, #1703 ) ) ;
#1147 = FACE_OUTER_BOUND ( 'NONE', #2109, .T. ) ;
#1148 = AXIS2_PLACEMENT_3D ( 'NONE', #2013, #2564, #3335 ) ;
#1149 = SURFACE_STYLE_FILL_AREA ( #181 ) ;
#1150 = DIRECTION ( 'NONE',  ( -0.1710878697460325700, 0.9702875252478150300, 0.1710878697460325700 ) ) ;
#1151 = LINE ( 'NONE', #2219, #2745 ) ;
#1152 = ORIENTED_EDGE ( 'NONE', *, *, #2935, .T. ) ;
#1153 = FACE_OUTER_BOUND ( 'NONE', #621, .T. ) ;
#1154 = VERTEX_POINT ( 'NONE', #790 ) ;
#1155 = DIRECTION ( 'NONE',  ( 0.1710878697460324100, -0.9702875252478151400, -0.1710878697460323800 ) ) ;
#1156 = CARTESIAN_POINT ( 'NONE',  ( 0.6715900542698586300, 0.9173648177666926500, -1.395450635745774300 ) ) ;
#1157 = DIRECTION ( 'NONE',  ( 0.1710878697460332900, -0.9702875252478150300, 0.1710878697460313800 ) ) ;
#1158 = ORIENTED_EDGE ( 'NONE', *, *, #1363, .T. ) ;
#1159 = EDGE_CURVE ( 'NONE', #2712, #1941, #2378, .T. ) ;
#1160 = CARTESIAN_POINT ( 'NONE',  ( -1.127000000000000000, 0.4904217513349274400, 1.149999999999999900 ) ) ;
#1161 = ORIENTED_EDGE ( 'NONE', *, *, #2540, .T. ) ;
#1162 = EDGE_CURVE ( 'NONE', #1817, #179, #2674, .T. ) ;
#1163 = PLANE ( 'NONE',  #2946 ) ;
#1164 = DIRECTION ( 'NONE',  ( -0.0000000000000000000, -0.0000000000000000000, -1.000000000000000000 ) ) ;
#1165 = VECTOR ( 'NONE', #1257, 1000.000000000000000 ) ;
#1166 = ORIENTED_EDGE ( 'NONE', *, *, #2762, .T. ) ;
#1167 = MECHANICAL_DESIGN_GEOMETRIC_PRESENTATION_REPRESENTATION (  '', ( #118 ), #1859 ) ;
#1168 = DIRECTION ( 'NONE',  ( 1.000000000000000000, 1.034393262474579000E-015, 0.0000000000000000000 ) ) ;
#1169 = CARTESIAN_POINT ( 'NONE',  ( -0.6265159306823716600, 0.1000000000000000500, -1.276515930682371500 ) ) ;
#1170 = VECTOR ( 'NONE', #2892, 1000.000000000000200 ) ;
#1171 = ORIENTED_EDGE ( 'NONE', *, *, #2604, .T. ) ;
#1172 = CARTESIAN_POINT ( 'NONE',  ( -0.6773133068556047600, 0.9984951721472130600, -1.327313306855606400 ) ) ;
#1173 = ORIENTED_EDGE ( 'NONE', *, *, #126, .T. ) ;
#1174 = DIRECTION ( 'NONE',  ( 1.000000000000000000, 0.0000000000000000000, 0.0000000000000000000 ) ) ;
#1175 = AXIS2_PLACEMENT_3D ( 'NONE', #1582, #1330, #3336 ) ;
#1176 = CARTESIAN_POINT ( 'NONE',  ( 1.126999999999999800, 0.4904217513349277700, 0.7500000000000000000 ) ) ;
#1177 = DIRECTION ( 'NONE',  ( 0.0000000000000000000, -0.1736481776669273100, 0.9848077530122086900 ) ) ;
#1178 = CARTESIAN_POINT ( 'NONE',  ( -1.395567763918783100, -2.563694073882670400E-016, -0.7500000000000000000 ) ) ;
#1179 = ORIENTED_EDGE ( 'NONE', *, *, #508, .F. ) ;
#1180 = EDGE_CURVE ( 'NONE', #1094, #429, #2751, .T. ) ;
#1181 = CARTESIAN_POINT ( 'NONE',  ( 0.6511361245076765500, 0.1826351822333073200, 1.374996705983592100 ) ) ;
#1182 = DIRECTION ( 'NONE',  ( -1.000000000000000000, 0.0000000000000000000, 0.0000000000000000000 ) ) ;
#1183 = EDGE_CURVE ( 'NONE', #307, #3235, #2659, .T. ) ;
#1184 = ADVANCED_FACE ( 'NONE', ( #1601 ), #263, .T. ) ;
#1185 = CARTESIAN_POINT ( 'NONE',  ( 0.8824217513349343900, 0.6079999999999933200, -0.1999999999999999800 ) ) ;
#1186 = MANIFOLD_SOLID_BREP ( 'Pin 6', #321 ) ;
#1187 = EDGE_CURVE ( 'NONE', #193, #2480, #3162, .T. ) ;
#1188 = CARTESIAN_POINT ( 'NONE',  ( -1.244578248665065600, 0.2499999999999997800, -0.7500000000000000000 ) ) ;
#1189 = FACE_OUTER_BOUND ( 'NONE', #1261, .T. ) ;
#1190 = FACE_OUTER_BOUND ( 'NONE', #723, .T. ) ;
#1191 = CARTESIAN_POINT ( 'NONE',  ( 1.395567763918783600, 8.544611162700630100E-017, 0.1999999999999999800 ) ) ;
#1192 = VECTOR ( 'NONE', #1064, 1000.000000000000000 ) ;
#1193 = ORIENTED_EDGE ( 'NONE', *, *, #34, .F. ) ;
#1194 = DIRECTION ( 'NONE',  ( 9.019168743805722600E-016, -1.000000000000000000, 0.0000000000000000000 ) ) ;
#1195 = VECTOR ( 'NONE', #2943, 1000.000000000000000 ) ;
#1196 = ORIENTED_EDGE ( 'NONE', *, *, #11, .T. ) ;
#1197 = DIRECTION ( 'NONE',  ( -0.0000000000000000000, -0.0000000000000000000, -1.000000000000000000 ) ) ;
#1198 = DIRECTION ( 'NONE',  ( -0.0000000000000000000, -0.0000000000000000000, -1.000000000000000000 ) ) ;
#1199 = CARTESIAN_POINT ( 'NONE',  ( 0.7776064734500255400, 0.7349999999999932100, 1.149999999999999900 ) ) ;
#1200 = VECTOR ( 'NONE', #1484, 1000.000000000000000 ) ;
#1201 = EDGE_LOOP ( 'NONE', ( #2537, #761, #2778, #964 ) ) ;
#1202 = AXIS2_PLACEMENT_3D ( 'NONE', #42, #1846, #76 ) ;
#1203 = ADVANCED_FACE ( 'NONE', ( #1924 ), #30, .F. ) ;
#1204 = PLANE ( 'NONE',  #2538 ) ;
#1205 = PLANE ( 'NONE',  #2337 ) ;
#1206 = LINE ( 'NONE', #2600, #2884 ) ;
#1207 = DIRECTION ( 'NONE',  ( -1.000000000000000000, -9.019168743805710700E-016, 0.0000000000000000000 ) ) ;
#1208 = ORIENTED_EDGE ( 'NONE', *, *, #1493, .T. ) ;
#1209 = AXIS2_PLACEMENT_3D ( 'NONE', #403, #1689, #1926 ) ;
#1210 = DIRECTION ( 'NONE',  ( -0.0000000000000000000, -0.0000000000000000000, -1.000000000000000000 ) ) ;
#1211 = VECTOR ( 'NONE', #210, 1000.000000000000200 ) ;
#1212 = ORIENTED_EDGE ( 'NONE', *, *, #2345, .F. ) ;
#1213 = AXIS2_PLACEMENT_3D ( 'NONE', #139, #2926, #417 ) ;
#1214 = CARTESIAN_POINT ( 'NONE',  ( 0.6705780899396773800, 0.9403193668171230300, 1.391403129418187700 ) ) ;
#1215 = CYLINDRICAL_SURFACE ( 'NONE', #151, 0.1175782486650656700 ) ;
#1216 = VERTEX_POINT ( 'NONE', #1567 ) ;
#1217 = PLANE ( 'NONE',  #162 ) ;
#1218 = EDGE_LOOP ( 'NONE', ( #1637, #2856, #2306, #1318 ) ) ;
#1219 = ORIENTED_EDGE ( 'NONE', *, *, #2579, .T. ) ;
#1220 = DIRECTION ( 'NONE',  ( 0.0000000000000000000, 0.0000000000000000000, -1.000000000000000000 ) ) ;
#1221 = AXIS2_PLACEMENT_3D ( 'NONE', #2793, #1273, #2779 ) ;
#1222 = ORIENTED_EDGE ( 'NONE', *, *, #3081, .F. ) ;
#1223 = EDGE_LOOP ( 'NONE', ( #1620, #3130, #2680, #3197, #3126, #25, #32, #1771, #1289, #650, #1530, #1768 ) ) ;
#1224 = CARTESIAN_POINT ( 'NONE',  ( 1.395567763918783600, 8.544611162700630100E-017, -0.7500000000000000000 ) ) ;
#1225 = DIRECTION ( 'NONE',  ( 0.0000000000000000000, 0.0000000000000000000, 1.000000000000000000 ) ) ;
#1226 = ORIENTED_EDGE ( 'NONE', *, *, #3297, .T. ) ;
#1227 = ORIENTED_EDGE ( 'NONE', *, *, #564, .F. ) ;
#1228 =( NAMED_UNIT ( * ) SI_UNIT ( $, .STERADIAN. ) SOLID_ANGLE_UNIT ( ) );
#1229 = LINE ( 'NONE', #2437, #526 ) ;
#1230 = DIRECTION ( 'NONE',  ( -0.03489949670249440500, -0.9993908270190959800, 0.0000000000000000000 ) ) ;
#1231 = EDGE_CURVE ( 'NONE', #1216, #2365, #1962, .T. ) ;
#1232 = CIRCLE ( 'NONE', #2395, 0.1375000000000000400 ) ;
#1233 = ORIENTED_EDGE ( 'NONE', *, *, #453, .F. ) ;
#1234 = DIRECTION ( 'NONE',  ( 0.03489949670249473800, 0.9993908270190959800, -0.0000000000000000000 ) ) ;
#1235 = FACE_OUTER_BOUND ( 'NONE', #2607, .T. ) ;
#1236 = SURFACE_STYLE_USAGE ( .BOTH. , #2093 ) ;
#1237 = CARTESIAN_POINT ( 'NONE',  ( 0.7776064734500255400, 0.7349999999999932100, 0.1999999999999999800 ) ) ;
#1238 = VECTOR ( 'NONE', #2392, 1000.000000000000200 ) ;
#1239 = PLANE ( 'NONE',  #1131 ) ;
#1240 = ORIENTED_EDGE ( 'NONE', *, *, #2426, .F. ) ;
#1241 = ADVANCED_FACE ( 'NONE', ( #2639 ), #1883, .T. ) ;
#1242 = SURFACE_STYLE_USAGE ( .BOTH. , #2257 ) ;
#1243 = FACE_OUTER_BOUND ( 'NONE', #1201, .T. ) ;
#1244 = VERTEX_POINT ( 'NONE', #817 ) ;
#1245 = FILL_AREA_STYLE_COLOUR ( '', #2137 ) ;
#1246 =( GEOMETRIC_REPRESENTATION_CONTEXT ( 3 ) GLOBAL_UNCERTAINTY_ASSIGNED_CONTEXT ( ( #1301 ) ) GLOBAL_UNIT_ASSIGNED_CONTEXT ( ( #2247, #690, #1258 ) ) REPRESENTATION_CONTEXT ( 'NONE', 'WORKASPACE' ) );
#1247 = CARTESIAN_POINT ( 'NONE',  ( -0.7336044454952124200, 0.9673441386303959200, 1.383604445495212300 ) ) ;
#1248 = FACE_OUTER_BOUND ( 'NONE', #2777, .T. ) ;
#1249 = ORIENTED_EDGE ( 'NONE', *, *, #1688, .T. ) ;
#1250 = DIRECTION ( 'NONE',  ( -1.000000000000000000, 0.0000000000000000000, 0.0000000000000000000 ) ) ;
#1251 = PRODUCT ( 'MIC2288YD5-TR', 'MIC2288YD5-TR', '', ( #973 ) ) ;
#1252 = VECTOR ( 'NONE', #362, 1000.000000000000000 ) ;
#1253 = DIRECTION ( 'NONE',  ( 0.03489949670249122000, 0.9993908270190959800, -0.0000000000000000000 ) ) ;
#1254 = DIRECTION ( 'NONE',  ( 1.000000000000000000, 1.034393262474579000E-015, 0.0000000000000000000 ) ) ;
#1255 = EDGE_LOOP ( 'NONE', ( #105, #518, #2667, #2017 ) ) ;
#1256 = CARTESIAN_POINT ( 'NONE',  ( -0.6469698604445537300, 1.000000000000000000, -1.296969860444553400 ) ) ;
#1257 = DIRECTION ( 'NONE',  ( -0.0000000000000000000, -0.0000000000000000000, -1.000000000000000000 ) ) ;
#1258 =( NAMED_UNIT ( * ) SI_UNIT ( $, .STERADIAN. ) SOLID_ANGLE_UNIT ( ) );
#1259 = ADVANCED_FACE ( 'NONE', ( #457 ), #1775, .T. ) ;
#1260 = VECTOR ( 'NONE', #1881, 1000.000000000000000 ) ;
#1261 = EDGE_LOOP ( 'NONE', ( #3278, #2760, #2269, #2807 ) ) ;
#1262 = EDGE_CURVE ( 'NONE', #869, #1548, #1665, .T. ) ;
#1263 = CARTESIAN_POINT ( 'NONE',  ( -0.6705780899396778200, 0.9403193668171195800, 1.391403129418188300 ) ) ;
#1264 = PRESENTATION_STYLE_ASSIGNMENT (( #1242 ) ) ;
#1265 = EDGE_CURVE ( 'NONE', #3042, #1964, #3041, .T. ) ;
#1266 = DIRECTION ( 'NONE',  ( 9.019168743805730500E-016, 1.000000000000000000, 0.0000000000000000000 ) ) ;
#1267 = ORIENTED_EDGE ( 'NONE', *, *, #1806, .T. ) ;
#1268 = DIRECTION ( 'NONE',  ( 1.034393262474579000E-015, -1.000000000000000000, 0.0000000000000000000 ) ) ;
#1269 = MECHANICAL_DESIGN_GEOMETRIC_PRESENTATION_REPRESENTATION (  '', ( #1764 ), #1835 ) ;
#1270 = ORIENTED_EDGE ( 'NONE', *, *, #897, .T. ) ;
#1271 = VERTEX_POINT ( 'NONE', #1107 ) ;
#1272 = CARTESIAN_POINT ( 'NONE',  ( -1.399999999999999900, 0.1269226350314249200, -0.7500000000000000000 ) ) ;
#1273 = DIRECTION ( 'NONE',  ( 0.0000000000000000000, 0.0000000000000000000, 1.000000000000000000 ) ) ;
#1274 = CARTESIAN_POINT ( 'NONE',  ( 0.8021619774510249100, 0.6202611834124308600, 1.378301395975109100 ) ) ;
#1275 = STYLED_ITEM ( 'NONE', ( #917 ), #833 ) ;
#1276 = EDGE_CURVE ( 'NONE', #1982, #109, #954, .T. ) ;
#1277 = CARTESIAN_POINT ( 'NONE',  ( -0.6715900542698590700, 0.9043412044416731000, -1.321590054269858600 ) ) ;
#1278 = VECTOR ( 'NONE', #1737, 1000.000000000000100 ) ;
#1279 = DIRECTION ( 'NONE',  ( 1.000000000000000000, -0.0000000000000000000, -0.0000000000000000000 ) ) ;
#1280 = CYLINDRICAL_SURFACE ( 'NONE', #782, 0.1000000000000000500 ) ;
#1281 = ORIENTED_EDGE ( 'NONE', *, *, #2345, .T. ) ;
#1282 = CARTESIAN_POINT ( 'NONE',  ( 1.240474826963494000, 0.1324933768271632200, 0.1999999999999999800 ) ) ;
#1283 = EDGE_CURVE ( 'NONE', #2593, #3030, #3288, .T. ) ;
#1284 = DIRECTION ( 'NONE',  ( 0.0000000000000000000, 0.0000000000000000000, 1.000000000000000000 ) ) ;
#1285 = VECTOR ( 'NONE', #571, 1000.000000000000000 ) ;
#1286 = EDGE_LOOP ( 'NONE', ( #80, #1813, #3334, #390 ) ) ;
#1287 = CARTESIAN_POINT ( 'NONE',  ( 0.6265159306823713200, 0.1000000000000000300, 1.276515930682371500 ) ) ;
#1288 = FACE_OUTER_BOUND ( 'NONE', #2522, .T. ) ;
#1289 = ORIENTED_EDGE ( 'NONE', *, *, #1117, .F. ) ;
#1290 = DIRECTION ( 'NONE',  ( 0.1736481776669257800, -0.9848077530122089100, -0.0000000000000000000 ) ) ;
#1291 = ADVANCED_FACE ( 'NONE', ( #1000 ), #1118, .F. ) ;
#1292 = ORIENTED_EDGE ( 'NONE', *, *, #3312, .T. ) ;
#1293 = CARTESIAN_POINT ( 'NONE',  ( 0.6715900542698587400, 0.9173648177666926500, -1.395450635745774300 ) ) ;
#1294 = AXIS2_PLACEMENT_3D ( 'NONE', #3205, #1409, #3165 ) ;
#1295 = ORIENTED_EDGE ( 'NONE', *, *, #308, .F. ) ;
#1296 = DIRECTION ( 'NONE',  ( 0.0000000000000000000, 0.0000000000000000000, 1.000000000000000000 ) ) ;
#1297 = ORIENTED_EDGE ( 'NONE', *, *, #1549, .F. ) ;
#1298 = DIRECTION ( 'NONE',  ( 1.000000000000000000, -9.019168743805730500E-016, 0.0000000000000000000 ) ) ;
#1299 = DIRECTION ( 'NONE',  ( -0.1710878697460326000, -0.9702875252478149200, -0.1710878697460326000 ) ) ;
#1300 = EDGE_CURVE ( 'NONE', #916, #1379, #3125, .T. ) ;
#1301 = UNCERTAINTY_MEASURE_WITH_UNIT (LENGTH_MEASURE( 1.000000000000000100E-005 ), #2247, 'distance_accuracy_value', 'NONE');
#1302 = CARTESIAN_POINT ( 'NONE',  ( 0.7999999999999999300, 0.6079999999999934300, -0.1999999999999999800 ) ) ;
#1303 = ORIENTED_EDGE ( 'NONE', *, *, #3136, .F. ) ;
#1304 = DIRECTION ( 'NONE',  ( 1.000000000000000000, 0.0000000000000000000, -0.0000000000000000000 ) ) ;
#1305 = EDGE_CURVE ( 'NONE', #1525, #869, #2601, .T. ) ;
#1306 = ORIENTED_EDGE ( 'NONE', *, *, #1630, .F. ) ;
#1307 = CARTESIAN_POINT ( 'NONE',  ( 0.7131505157330291200, 0.1326558613696034400, 1.363150515733029300 ) ) ;
#1308 = ORIENTED_EDGE ( 'NONE', *, *, #1283, .T. ) ;
#1309 = AXIS2_PLACEMENT_3D ( 'NONE', #3305, #989, #2748 ) ;
#1310 = CARTESIAN_POINT ( 'NONE',  ( 0.0000000000000000000, 0.1000000000000000500, 0.0000000000000000000 ) ) ;
#1311 = CARTESIAN_POINT ( 'NONE',  ( -0.7086183596867330300, 0.1383513889630906300, 1.297041537933461200 ) ) ;
#1312 = CIRCLE ( 'NONE', #1309, 0.1175782486650656700 ) ;
#1313 = ADVANCED_FACE ( 'NONE', ( #454 ), #2148, .F. ) ;
#1314 = LINE ( 'NONE', #3302, #2824 ) ;
#1315 = CARTESIAN_POINT ( 'NONE',  ( 1.126999999999999800, 0.4904217513349277700, 0.1999999999999999800 ) ) ;
#1316 = DIRECTION ( 'NONE',  ( -1.000000000000000000, 0.0000000000000000000, 0.0000000000000000000 ) ) ;
#1317 = CARTESIAN_POINT ( 'NONE',  ( 1.000000000000000200, 0.4904217513349276600, -0.7500000000000000000 ) ) ;
#1318 = ORIENTED_EDGE ( 'NONE', *, *, #34, .T. ) ;
#1319 = CYLINDRICAL_SURFACE ( 'NONE', #2775, 0.1175782486650656700 ) ;
#1320 = VECTOR ( 'NONE', #199, 1000.000000000000100 ) ;
#1321 = EDGE_LOOP ( 'NONE', ( #1577, #1240, #3054 ) ) ;
#1322 = DIRECTION ( 'NONE',  ( 0.0000000000000000000, -0.0000000000000000000, -1.000000000000000000 ) ) ;
#1323 = ADVANCED_FACE ( 'NONE', ( #1598 ), #102, .F. ) ;
#1324 = CARTESIAN_POINT ( 'NONE',  ( -1.399999999999999900, 0.1269226350314249200, -0.7500000000000000000 ) ) ;
#1325 = CARTESIAN_POINT ( 'NONE',  ( 0.6705780899396773800, 0.9403193668171230300, -1.391403129418187700 ) ) ;
#1326 = CIRCLE ( 'NONE', #2770, 0.2445782486650653900 ) ;
#1327 = FACE_OUTER_BOUND ( 'NONE', #1286, .T. ) ;
#1328 = ORIENTED_EDGE ( 'NONE', *, *, #3312, .F. ) ;
#1329 = CARTESIAN_POINT ( 'NONE',  ( 1.244578248665065600, 0.2500000000000001100, -0.1999999999999999800 ) ) ;
#1330 = DIRECTION ( 'NONE',  ( -0.0000000000000000000, -0.0000000000000000000, -1.000000000000000000 ) ) ;
#1331 = AXIS2_PLACEMENT_3D ( 'NONE', #2573, #2318, #2622 ) ;
#1332 = EDGE_LOOP ( 'NONE', ( #2710, #2484, #1579, #3151 ) ) ;
#1333 = VECTOR ( 'NONE', #1753, 1000.000000000000000 ) ;
#1334 = VERTEX_POINT ( 'NONE', #83 ) ;
#1335 = DIRECTION ( 'NONE',  ( 0.1710878697460337900, -0.9702875252478149200, -0.1710878697460318500 ) ) ;
#1336 = CARTESIAN_POINT ( 'NONE',  ( -1.000000000000000200, 0.4904217513349274400, -1.149999999999999900 ) ) ;
#1337 = SURFACE_STYLE_FILL_AREA ( #2250 ) ;
#1338 = EDGE_LOOP ( 'NONE', ( #226, #2729, #909, #666 ) ) ;
#1339 = ORIENTED_EDGE ( 'NONE', *, *, #239, .T. ) ;
#1340 = DIRECTION ( 'NONE',  ( -1.000000000000000000, 0.0000000000000000000, -0.0000000000000000000 ) ) ;
#1341 = ORIENTED_EDGE ( 'NONE', *, *, #2327, .T. ) ;
#1342 = EDGE_CURVE ( 'NONE', #2652, #2379, #2671, .T. ) ;
#1343 = CARTESIAN_POINT ( 'NONE',  ( 1.126999999999999800, 0.4904217513349277700, 0.1999999999999999800 ) ) ;
#1344 = CARTESIAN_POINT ( 'NONE',  ( -0.8824217513349343900, 0.4904217513349274400, 1.149999999999999900 ) ) ;
#1345 = EDGE_CURVE ( 'NONE', #1390, #429, #830, .T. ) ;
#1346 = CARTESIAN_POINT ( 'NONE',  ( -1.000000000000000000, 0.2499999999999997800, -0.7500000000000000000 ) ) ;
#1347 = ORIENTED_EDGE ( 'NONE', *, *, #3142, .T. ) ;
#1348 = DIRECTION ( 'NONE',  ( -0.0000000000000000000, -0.0000000000000000000, -1.000000000000000000 ) ) ;
#1349 = AXIS2_PLACEMENT_3D ( 'NONE', #596, #1923, #368 ) ;
#1350 = CARTESIAN_POINT ( 'NONE',  ( 0.6469698604445534000, 1.000000000000000000, -1.296969860444553400 ) ) ;
#1351 = VECTOR ( 'NONE', #1716, 999.9999999999998900 ) ;
#1352 = AXIS2_PLACEMENT_3D ( 'NONE', #365, #1921, #863 ) ;
#1353 = DIRECTION ( 'NONE',  ( 1.000000000000000000, 0.0000000000000000000, -0.0000000000000000000 ) ) ;
#1354 = LINE ( 'NONE', #1838, #988 ) ;
#1355 = CARTESIAN_POINT ( 'NONE',  ( 0.0000000000000000000, 1.000000000000000000, 1.380879823562281700 ) ) ;
#1356 = VECTOR ( 'NONE', #683, 1000.000000000000000 ) ;
#1357 = ORIENTED_EDGE ( 'NONE', *, *, #2207, .F. ) ;
#1358 = EDGE_CURVE ( 'NONE', #493, #1460, #2716, .T. ) ;
#1359 = CARTESIAN_POINT ( 'NONE',  ( 0.6729710236153183500, 0.1084397224131141700, -1.288129703915607900 ) ) ;
#1360 = DIRECTION ( 'NONE',  ( -1.000000000000000000, 0.0000000000000000000, 0.0000000000000000000 ) ) ;
#1361 = VECTOR ( 'NONE', #638, 1000.000000000000000 ) ;
#1362 = ORIENTED_EDGE ( 'NONE', *, *, #180, .F. ) ;
#1363 = EDGE_CURVE ( 'NONE', #2188, #1636, #2108, .T. ) ;
#1364 = CIRCLE ( 'NONE', #756, 0.07499999999999996900 ) ;
#1365 = CARTESIAN_POINT ( 'NONE',  ( 1.244578248665065600, 0.2500000000000001100, -0.7500000000000000000 ) ) ;
#1366 = ORIENTED_EDGE ( 'NONE', *, *, #370, .T. ) ;
#1367 = VECTOR ( 'NONE', #1981, 1000.000000000000000 ) ;
#1368 = ORIENTED_EDGE ( 'NONE', *, *, #1682, .T. ) ;
#1369 = CARTESIAN_POINT ( 'NONE',  ( -0.6265159306823716600, 0.1000000000000000300, -1.276515930682371500 ) ) ;
#1370 =( NAMED_UNIT ( * ) SI_UNIT ( $, .STERADIAN. ) SOLID_ANGLE_UNIT ( ) );
#1371 = CARTESIAN_POINT ( 'NONE',  ( 1.395567763918783600, 8.544611162700630100E-017, 1.149999999999999900 ) ) ;
#1372 = VECTOR ( 'NONE', #1776, 1000.000000000000100 ) ;
#1373 = EDGE_LOOP ( 'NONE', ( #1451, #1738, #2768, #2053 ) ) ;
#1374 = DIRECTION ( 'NONE',  ( -0.0000000000000000000, -0.0000000000000000000, -1.000000000000000000 ) ) ;
#1375 = VERTEX_POINT ( 'NONE', #1782 ) ;
#1376 = CARTESIAN_POINT ( 'NONE',  ( 0.8824217513349346100, 0.4904217513349276600, -0.1999999999999999800 ) ) ;
#1377 = CARTESIAN_POINT ( 'NONE',  ( 1.395567763918783600, 8.544611162700630100E-017, -0.7500000000000000000 ) ) ;
#1378 = LINE ( 'NONE', #89, #2203 ) ;
#1379 = VERTEX_POINT ( 'NONE', #2631 ) ;
#1380 = MANIFOLD_SOLID_BREP ( 'Pin 3', #3050 ) ;
#1381 = CARTESIAN_POINT ( 'NONE',  ( -0.7086183596867330300, 0.1383513889630906300, -1.297041537933461200 ) ) ;
#1382 = VERTEX_POINT ( 'NONE', #2831 ) ;
#1383 = CARTESIAN_POINT ( 'NONE',  ( -1.244578248665065600, 0.2499999999999997800, 1.149999999999999900 ) ) ;
#1384 = EDGE_CURVE ( 'NONE', #1872, #1830, #216, .T. ) ;
#1385 = EDGE_LOOP ( 'NONE', ( #2245, #2330, #873, #7 ) ) ;
#1386 = AXIS2_PLACEMENT_3D ( 'NONE', #948, #2144, #667 ) ;
#1387 = PLANE ( 'NONE',  #1966 ) ;
#1388 = ORIENTED_EDGE ( 'NONE', *, *, #687, .T. ) ;
#1389 = FILL_AREA_STYLE_COLOUR ( '', #1933 ) ;
#1390 = VERTEX_POINT ( 'NONE', #534 ) ;
#1391 = CIRCLE ( 'NONE', #1175, 0.1175782486650656700 ) ;
#1392 = DIRECTION ( 'NONE',  ( 0.0000000000000000000, 0.0000000000000000000, 1.000000000000000000 ) ) ;
#1393 = LINE ( 'NONE', #1953, #686 ) ;
#1394 = ORIENTED_EDGE ( 'NONE', *, *, #1998, .T. ) ;
#1395 = PLANE ( 'NONE',  #1101 ) ;
#1396 = FACE_OUTER_BOUND ( 'NONE', #2850, .T. ) ;
#1397 = EDGE_LOOP ( 'NONE', ( #2141, #152, #1328, #148 ) ) ;
#1398 = DIRECTION ( 'NONE',  ( -1.000000000000000000, 0.0000000000000000000, 0.0000000000000000000 ) ) ;
#1399 = EDGE_CURVE ( 'NONE', #2097, #2213, #3200, .T. ) ;
#1400 = VECTOR ( 'NONE', #1594, 1000.000000000000000 ) ;
#1401 = ORIENTED_EDGE ( 'NONE', *, *, #3160, .T. ) ;
#1402 = VECTOR ( 'NONE', #1862, 1000.000000000000000 ) ;
#1403 = ORIENTED_EDGE ( 'NONE', *, *, #3113, .T. ) ;
#1404 = PLANE ( 'NONE',  #18 ) ;
#1405 = EDGE_CURVE ( 'NONE', #96, #1628, #1521, .T. ) ;
#1406 = FACE_OUTER_BOUND ( 'NONE', #1332, .T. ) ;
#1407 = VERTEX_POINT ( 'NONE', #1045 ) ;
#1408 = ADVANCED_FACE ( 'NONE', ( #1153 ), #249, .T. ) ;
#1409 = DIRECTION ( 'NONE',  ( 0.0000000000000000000, 1.000000000000000000, 0.0000000000000000000 ) ) ;
#1410 = LINE ( 'NONE', #3308, #1211 ) ;
#1411 = CARTESIAN_POINT ( 'NONE',  ( -0.6715900542698589600, 0.9173648177666926500, -1.395450635745774300 ) ) ;
#1412 = ORIENTED_EDGE ( 'NONE', *, *, #1827, .T. ) ;
#1413 = DIRECTION ( 'NONE',  ( -0.9993908270190961000, 0.03489949670249122700, 0.0000000000000000000 ) ) ;
#1414 = CARTESIAN_POINT ( 'NONE',  ( 1.244578248665065600, 0.2500000000000001100, -0.7500000000000000000 ) ) ;
#1415 = CIRCLE ( 'NONE', #622, 0.07499999999999998300 ) ;
#1416 = ORIENTED_EDGE ( 'NONE', *, *, #239, .F. ) ;
#1417 = STYLED_ITEM ( 'NONE', ( #49 ), #1927 ) ;
#1418 = DIRECTION ( 'NONE',  ( 0.0000000000000000000, 0.1736481776669265800, 0.9848077530122086900 ) ) ;
#1419 = SURFACE_STYLE_FILL_AREA ( #1777 ) ;
#1420 = CARTESIAN_POINT ( 'NONE',  ( -1.127000000000000000, 0.2499999999999997800, 1.149999999999999900 ) ) ;
#1421 = ORIENTED_EDGE ( 'NONE', *, *, #456, .T. ) ;
#1422 = AXIS2_PLACEMENT_3D ( 'NONE', #2218, #2482, #2265 ) ;
#1423 = EDGE_CURVE ( 'NONE', #1407, #434, #178, .T. ) ;
#1424 = CARTESIAN_POINT ( 'NONE',  ( -1.399999999999999900, 0.1269226350314249200, 1.149999999999999900 ) ) ;
#1425 = EDGE_LOOP ( 'NONE', ( #3005, #2451, #1295 ) ) ;
#1426 = CIRCLE ( 'NONE', #3066, 0.07499999999999999700 ) ;
#1427 = AXIS2_PLACEMENT_3D ( 'NONE', #1009, #2788, #1250 ) ;
#1428 = CARTESIAN_POINT ( 'NONE',  ( -0.4250000000000001600, 1.000000000000000000, -0.9375000000000000000 ) ) ;
#1429 = FACE_OUTER_BOUND ( 'NONE', #388, .T. ) ;
#1430 = ORIENTED_EDGE ( 'NONE', *, *, #2814, .F. ) ;
#1431 = CARTESIAN_POINT ( 'NONE',  ( -0.4250000000000001600, 0.9499999999999999600, -1.075000000000000000 ) ) ;
#1432 = DIRECTION ( 'NONE',  ( 0.1710878697460326300, -0.9702875252478149200, 0.1710878697460326000 ) ) ;
#1433 =( BOUNDED_CURVE ( )  B_SPLINE_CURVE ( 3, ( #2071, #525, #2340, #1059 ),
 .UNSPECIFIED., .F., .F. ) 
 B_SPLINE_CURVE_WITH_KNOTS ( ( 4, 4 ),
 ( 4.712388980384689700, 6.108652381980156100 ),
 .UNSPECIFIED. ) 
 CURVE ( )  GEOMETRIC_REPRESENTATION_ITEM ( )  RATIONAL_B_SPLINE_CURVE ( ( 1.000000000000000000, 0.8440296287459846400, 0.8440296287459846400, 1.000000000000000000 ) ) 
 REPRESENTATION_ITEM ( '' )  );
#1434 = CARTESIAN_POINT ( 'NONE',  ( -1.240474826963494000, 0.1324933768271629200, -1.149999999999999900 ) ) ;
#1435 = LINE ( 'NONE', #2065, #2393 ) ;
#1436 = ORIENTED_EDGE ( 'NONE', *, *, #2692, .F. ) ;
#1437 = CARTESIAN_POINT ( 'NONE',  ( 0.7776064734500255400, 0.7349999999999932100, -0.7500000000000000000 ) ) ;
#1438 = PRESENTATION_LAYER_ASSIGNMENT (  '', '', ( #1275 ) ) ;
#1439 = EDGE_CURVE ( 'NONE', #879, #612, #2794, .T. ) ;
#1440 = CARTESIAN_POINT ( 'NONE',  ( -0.6715900542698590700, 0.9173648177666926500, -1.395450635745774300 ) ) ;
#1441 = FACE_OUTER_BOUND ( 'NONE', #1920, .T. ) ;
#1442 = VERTEX_POINT ( 'NONE', #1572 ) ;
#1443 = CARTESIAN_POINT ( 'NONE',  ( 0.8824217513349343900, 0.7349999999999929900, 1.149999999999999900 ) ) ;
#1444 = AXIS2_PLACEMENT_3D ( 'NONE', #1329, #2114, #2373 ) ;
#1445 = CARTESIAN_POINT ( 'NONE',  ( -0.4250000000000001600, 0.9499999999999999600, -1.075000000000000000 ) ) ;
#1446 = VECTOR ( 'NONE', #1197, 1000.000000000000000 ) ;
#1447 = ORIENTED_EDGE ( 'NONE', *, *, #2039, .F. ) ;
#1448 = EDGE_CURVE ( 'NONE', #801, #2898, #2401, .T. ) ;
#1449 = CARTESIAN_POINT ( 'NONE',  ( 0.8824217513349346100, 0.4904217513349276600, 0.1999999999999999800 ) ) ;
#1450 = FACE_OUTER_BOUND ( 'NONE', #2938, .T. ) ;
#1451 = ORIENTED_EDGE ( 'NONE', *, *, #2469, .F. ) ;
#1452 = AXIS2_PLACEMENT_3D ( 'NONE', #385, #1915, #357 ) ;
#1453 = CARTESIAN_POINT ( 'NONE',  ( 0.6511361245076766600, 0.1956587955583268800, 1.301136124507676500 ) ) ;
#1454 = VECTOR ( 'NONE', #397, 1000.000000000000000 ) ;
#1455 = DIRECTION ( 'NONE',  ( 0.1736481776669272800, 0.9848077530122086900, 0.0000000000000000000 ) ) ;
#1456 = LINE ( 'NONE', #3091, #1016 ) ;
#1457 = DIRECTION ( 'NONE',  ( 1.000000000000000000, 0.0000000000000000000, 0.0000000000000000000 ) ) ;
#1458 = DIRECTION ( 'NONE',  ( 0.0000000000000000000, 1.000000000000000000, 0.0000000000000000000 ) ) ;
#1459 = DIRECTION ( 'NONE',  ( -1.000000000000000000, 0.0000000000000000000, 0.0000000000000000000 ) ) ;
#1460 = VERTEX_POINT ( 'NONE', #3073 ) ;
#1461 = ORIENTED_EDGE ( 'NONE', *, *, #1384, .F. ) ;
#1462 = EDGE_CURVE ( 'NONE', #1442, #2948, #2835, .T. ) ;
#1463 = DIRECTION ( 'NONE',  ( 1.000000000000000000, 0.0000000000000000000, 0.0000000000000000000 ) ) ;
#1464 = ORIENTED_EDGE ( 'NONE', *, *, #391, .T. ) ;
#1465 = DIRECTION ( 'NONE',  ( 9.019168743805710700E-016, -1.000000000000000000, 0.0000000000000000000 ) ) ;
#1466 = DIRECTION ( 'NONE',  ( 0.0000000000000000000, 0.0000000000000000000, 1.000000000000000000 ) ) ;
#1467 = ORIENTED_EDGE ( 'NONE', *, *, #2296, .T. ) ;
#1468 = EDGE_CURVE ( 'NONE', #941, #2415, #1706, .T. ) ;
#1469 = DIRECTION ( 'NONE',  ( 0.1710878697460326000, -0.9702875252478149200, -0.1710878697460326300 ) ) ;
#1470 = CARTESIAN_POINT ( 'NONE',  ( -0.4250000000000001600, 0.5610912703473988100, -1.075000000000000000 ) ) ;
#1471 = VECTOR ( 'NONE', #2947, 1000.000000000000000 ) ;
#1472 = LINE ( 'NONE', #2147, #939 ) ;
#1473 = LINE ( 'NONE', #2094, #1828 ) ;
#1474 = CARTESIAN_POINT ( 'NONE',  ( 0.6926219859853075500, 1.216970978708185700, -1.268761404509391300 ) ) ;
#1475 = CARTESIAN_POINT ( 'NONE',  ( -0.6511361245076768800, 0.1826351822333072100, 1.374996705983592100 ) ) ;
#1476 = FACE_OUTER_BOUND ( 'NONE', #2677, .T. ) ;
#1477 = ORIENTED_EDGE ( 'NONE', *, *, #745, .T. ) ;
#1478 = AXIS2_PLACEMENT_3D ( 'NONE', #2602, #2123, #1573 ) ;
#1479 = DIRECTION ( 'NONE',  ( -0.1710878697460326300, 0.9702875252478149200, 0.1710878697460326000 ) ) ;
#1480 =( BOUNDED_CURVE ( )  B_SPLINE_CURVE ( 3, ( #3138, #2374, #2907, #1350 ),
 .UNSPECIFIED., .F., .F. ) 
 B_SPLINE_CURVE_WITH_KNOTS ( ( 4, 4 ),
 ( 0.1745329251994301700, 1.570796326794896600 ),
 .UNSPECIFIED. ) 
 CURVE ( )  GEOMETRIC_REPRESENTATION_ITEM ( )  RATIONAL_B_SPLINE_CURVE ( ( 1.000000000000000000, 0.8440296287459846400, 0.8440296287459846400, 1.000000000000000000 ) ) 
 REPRESENTATION_ITEM ( '' )  );
#1481 = PLANE ( 'NONE',  #2630 ) ;
#1482 = LINE ( 'NONE', #3248, #794 ) ;
#1483 = ORIENTED_EDGE ( 'NONE', *, *, #745, .F. ) ;
#1484 = DIRECTION ( 'NONE',  ( -0.0000000000000000000, -0.0000000000000000000, -1.000000000000000000 ) ) ;
#1485 = ADVANCED_FACE ( 'NONE', ( #616 ), #2048, .F. ) ;
#1486 = DIRECTION ( 'NONE',  ( -0.03489949670249440500, -0.9993908270190959800, 0.0000000000000000000 ) ) ;
#1487 = CARTESIAN_POINT ( 'NONE',  ( -0.6977411910388412500, 1.000000000000000000, 1.309662693093125400 ) ) ;
#1488 = VECTOR ( 'NONE', #2821, 1000.000000000000100 ) ;
#1489 = ORIENTED_EDGE ( 'NONE', *, *, #1649, .F. ) ;
#1490 =( NAMED_UNIT ( * ) SI_UNIT ( $, .STERADIAN. ) SOLID_ANGLE_UNIT ( ) );
#1491 = FACE_OUTER_BOUND ( 'NONE', #753, .T. ) ;
#1492 = ORIENTED_EDGE ( 'NONE', *, *, #2657, .T. ) ;
#1493 = EDGE_CURVE ( 'NONE', #485, #1795, #1560, .T. ) ;
#1494 = DIRECTION ( 'NONE',  ( -0.0000000000000000000, -0.0000000000000000000, -1.000000000000000000 ) ) ;
#1495 = VERTEX_POINT ( 'NONE', #1778 ) ;
#1496 = DIRECTION ( 'NONE',  ( 1.000000000000000000, -1.315432097626352800E-015, -0.0000000000000000000 ) ) ;
#1497 = EDGE_LOOP ( 'NONE', ( #74, #2941, #1436 ) ) ;
#1498 = CARTESIAN_POINT ( 'NONE',  ( -0.7261394185240817000, 0.6079999999999931000, -1.450000000000000000 ) ) ;
#1499 = AXIS2_PLACEMENT_3D ( 'NONE', #1818, #266, #278 ) ;
#1500 = DIRECTION ( 'NONE',  ( -1.000000000000000000, 0.0000000000000000000, 0.0000000000000000000 ) ) ;
#1501 = VERTEX_POINT ( 'NONE', #2567 ) ;
#1502 = CARTESIAN_POINT ( 'NONE',  ( -0.6585836336777904900, 0.9915602775868851400, 1.343424953377501300 ) ) ;
#1503 = ORIENTED_EDGE ( 'NONE', *, *, #725, .T. ) ;
#1504 = ORIENTED_EDGE ( 'NONE', *, *, #3002, .T. ) ;
#1505 = CARTESIAN_POINT ( 'NONE',  ( -1.000000000000000000, 0.2499999999999997800, 0.7500000000000000000 ) ) ;
#1506 = CARTESIAN_POINT ( 'NONE',  ( 1.240474826963494000, 0.1324933768271632200, -0.7500000000000000000 ) ) ;
#1507 = EDGE_LOOP ( 'NONE', ( #1401, #1763, #1421, #264, #1751, #2656, #1158, #1048, #2958, #2930, #827, #3001 ) ) ;
#1508 = EDGE_CURVE ( 'NONE', #1795, #1390, #540, .T. ) ;
#1509 = CARTESIAN_POINT ( 'NONE',  ( -0.6715900542698590700, 0.9173648177666926500, 1.395450635745774300 ) ) ;
#1510 = EDGE_CURVE ( 'NONE', #45, #1891, #2150, .T. ) ;
#1511 = VECTOR ( 'NONE', #1691, 1000.000000000000000 ) ;
#1512 = CARTESIAN_POINT ( 'NONE',  ( 0.7249967059835923400, 0.1826351822333072700, 1.301136124507676500 ) ) ;
#1513 = CARTESIAN_POINT ( 'NONE',  ( 1.399999999999999900, 0.1269226350314252800, 1.149999999999999900 ) ) ;
#1514 = LINE ( 'NONE', #1787, #3281 ) ;
#1515 = ORIENTED_EDGE ( 'NONE', *, *, #2983, .F. ) ;
#1516 = DIRECTION ( 'NONE',  ( -1.000000000000000000, 0.0000000000000000000, 0.0000000000000000000 ) ) ;
#1517 = CARTESIAN_POINT ( 'NONE',  ( -0.7308798235622819800, 1.000000000000000000, -1.296969860444553400 ) ) ;
#1518 = VECTOR ( 'NONE', #1253, 1000.000000000000100 ) ;
#1519 = EDGE_LOOP ( 'NONE', ( #1555, #2514, #1447, #2280 ) ) ;
#1520 = AXIS2_PLACEMENT_3D ( 'NONE', #2979, #935, #173 ) ;
#1521 = LINE ( 'NONE', #2554, #2323 ) ;
#1522 = EDGE_LOOP ( 'NONE', ( #1368, #3264, #2154, #1227 ) ) ;
#1523 = DIRECTION ( 'NONE',  ( 0.1736481776669257800, -0.9848077530122089100, -0.0000000000000000000 ) ) ;
#1524 = VECTOR ( 'NONE', #2231, 1000.000000000000000 ) ;
#1525 = VERTEX_POINT ( 'NONE', #783 ) ;
#1526 = EDGE_CURVE ( 'NONE', #1495, #1216, #2076, .T. ) ;
#1527 = LINE ( 'NONE', #2901, #663 ) ;
#1528 = ORIENTED_EDGE ( 'NONE', *, *, #1785, .F. ) ;
#1529 = DIRECTION ( 'NONE',  ( 1.000000000000000000, -1.034393262474579000E-015, 0.0000000000000000000 ) ) ;
#1530 = ORIENTED_EDGE ( 'NONE', *, *, #2079, .F. ) ;
#1531 = EDGE_CURVE ( 'NONE', #1760, #765, #2749, .T. ) ;
#1532 = CARTESIAN_POINT ( 'NONE',  ( 0.7776064734500255400, 0.7349999999999932100, -0.7500000000000000000 ) ) ;
#1533 = CARTESIAN_POINT ( 'NONE',  ( 1.399999999999999900, 0.1269226350314252800, 0.7500000000000000000 ) ) ;
#1534 = VECTOR ( 'NONE', #2384, 1000.000000000000000 ) ;
#1535 = VERTEX_POINT ( 'NONE', #2643 ) ;
#1536 = CARTESIAN_POINT ( 'NONE',  ( 0.6265159306823712100, 0.1000000000000000300, 1.276515930682371500 ) ) ;
#1537 = ADVANCED_FACE ( 'NONE', ( #1288 ), #252, .T. ) ;
#1538 = EDGE_LOOP ( 'NONE', ( #3179, #2036, #427, #311 ) ) ;
#1539 = UNCERTAINTY_MEASURE_WITH_UNIT (LENGTH_MEASURE( 1.000000000000000100E-005 ), #3243, 'distance_accuracy_value', 'NONE');
#1540 = CARTESIAN_POINT ( 'NONE',  ( -0.7454506357457745300, 0.9173648177666926500, -1.321590054269858900 ) ) ;
#1541 = VERTEX_POINT ( 'NONE', #1623 ) ;
#1542 = CARTESIAN_POINT ( 'NONE',  ( 0.8824217513349346100, 0.4904217513349276600, 0.7500000000000000000 ) ) ;
#1543 = CARTESIAN_POINT ( 'NONE',  ( 0.7999999999999999300, 0.6079999999999934300, -0.1999999999999999800 ) ) ;
#1544 = ADVANCED_FACE ( 'NONE', ( #2917, #1248 ), #294, .F. ) ;
#1545 = CARTESIAN_POINT ( 'NONE',  ( 0.6381297039156081900, 0.1084397224131136000, 1.322971023615318000 ) ) ;
#1546 = DIRECTION ( 'NONE',  ( -0.0000000000000000000, 1.000000000000000000, -0.0000000000000000000 ) ) ;
#1547 = DIRECTION ( 'NONE',  ( -0.0000000000000000000, -0.0000000000000000000, -1.000000000000000000 ) ) ;
#1548 = VERTEX_POINT ( 'NONE', #1102 ) ;
#1549 = EDGE_CURVE ( 'NONE', #3012, #475, #1635, .T. ) ;
#1550 = CARTESIAN_POINT ( 'NONE',  ( -1.000000000000000000, 0.2500000000000000000, 1.149999999999999900 ) ) ;
#1551 = ADVANCED_FACE ( 'NONE', ( #1327 ), #2376, .F. ) ;
#1552 = ORIENTED_EDGE ( 'NONE', *, *, #2660, .F. ) ;
#1553 = FACE_OUTER_BOUND ( 'NONE', #2966, .T. ) ;
#1554 = LINE ( 'NONE', #1042, #1114 ) ;
#1555 = ORIENTED_EDGE ( 'NONE', *, *, #3136, .T. ) ;
#1556 = CARTESIAN_POINT ( 'NONE',  ( -0.6715900542698589600, 0.9173648177666926500, 1.395450635745774300 ) ) ;
#1557 = CARTESIAN_POINT ( 'NONE',  ( 1.399999999999999900, 0.1269226350314252800, -0.1999999999999999800 ) ) ;
#1558 = LINE ( 'NONE', #547, #3284 ) ;
#1559 = ORIENTED_EDGE ( 'NONE', *, *, #3002, .F. ) ;
#1560 = LINE ( 'NONE', #1803, #2878 ) ;
#1561 = ORIENTED_EDGE ( 'NONE', *, *, #2597, .T. ) ;
#1562 = CARTESIAN_POINT ( 'NONE',  ( 0.7432886582947494400, 0.9296260011791140900, -1.393288658294749200 ) ) ;
#1563 = CARTESIAN_POINT ( 'NONE',  ( 1.126999999999999800, 0.4904217513349277700, -0.1999999999999999800 ) ) ;
#1564 = PRODUCT_DEFINITION_SHAPE ( 'NONE', 'NONE',  #2312 ) ;
#1565 = CYLINDRICAL_SURFACE ( 'NONE', #2834, 0.2445782486650656100 ) ;
#1566 = ORIENTED_EDGE ( 'NONE', *, *, #3140, .T. ) ;
#1567 = CARTESIAN_POINT ( 'NONE',  ( -1.000000000000000200, 0.4904217513349274400, 1.149999999999999900 ) ) ;
#1568 = VERTEX_POINT ( 'NONE', #1836 ) ;
#1569 = DIRECTION ( 'NONE',  ( 1.000000000000000000, 0.0000000000000000000, 0.0000000000000000000 ) ) ;
#1570 = EDGE_CURVE ( 'NONE', #1830, #797, #2229, .T. ) ;
#1571 = EDGE_LOOP ( 'NONE', ( #3078, #1610, #2460, #2008, #2167, #84, #2612, #1937, #2448, #2640, #1126, #106 ) ) ;
#1572 = CARTESIAN_POINT ( 'NONE',  ( -1.399999999999999900, 0.1269226350314249200, -1.149999999999999900 ) ) ;
#1573 = DIRECTION ( 'NONE',  ( 1.000000000000000000, 0.0000000000000000000, -0.0000000000000000000 ) ) ;
#1574 = EDGE_CURVE ( 'NONE', #2172, #2134, #3238, .T. ) ;
#1575 = CARTESIAN_POINT ( 'NONE',  ( -0.8000000000000001600, 0.6079999999999931000, 1.376139418524081400 ) ) ;
#1576 = LINE ( 'NONE', #322, #2616 ) ;
#1577 = ORIENTED_EDGE ( 'NONE', *, *, #653, .F. ) ;
#1578 = CARTESIAN_POINT ( 'NONE',  ( -0.7131505157330302300, 0.1326558613696046700, -1.363150515733027300 ) ) ;
#1579 = ORIENTED_EDGE ( 'NONE', *, *, #300, .F. ) ;
#1580 = CARTESIAN_POINT ( 'NONE',  ( 0.6511361245076766600, 0.1826351822333072100, -1.374996705983592100 ) ) ;
#1581 = DIRECTION ( 'NONE',  ( -0.1736481776669272500, -0.9848077530122086900, 0.0000000000000000000 ) ) ;
#1582 = CARTESIAN_POINT ( 'NONE',  ( 1.244578248665065600, 0.2500000000000001100, 1.149999999999999900 ) ) ;
#1583 = EDGE_LOOP ( 'NONE', ( #2562, #550, #592, #155 ) ) ;
#1584 = PRESENTATION_LAYER_ASSIGNMENT (  '', '', ( #1417 ) ) ;
#1585 = ORIENTED_EDGE ( 'NONE', *, *, #1938, .F. ) ;
#1586 = CARTESIAN_POINT ( 'NONE',  ( -0.8000000000000001600, 0.6079999999999931000, -1.149999999999999900 ) ) ;
#1587 = AXIS2_PLACEMENT_3D ( 'NONE', #1083, #301, #2626 ) ;
#1588 = CARTESIAN_POINT ( 'NONE',  ( -0.4250000000000001600, 0.9499999999999999600, -0.9375000000000000000 ) ) ;
#1589 = VECTOR ( 'NONE', #567, 1000.000000000000200 ) ;
#1590 = ORIENTED_EDGE ( 'NONE', *, *, #552, .T. ) ;
#1591 = DIRECTION ( 'NONE',  ( -1.000000000000000000, 1.034393262474579000E-015, 0.0000000000000000000 ) ) ;
#1592 = EDGE_CURVE ( 'NONE', #905, #3012, #1558, .T. ) ;
#1593 = LINE ( 'NONE', #651, #1912 ) ;
#1594 = DIRECTION ( 'NONE',  ( 1.000000000000000000, -1.315432097626352800E-015, -0.0000000000000000000 ) ) ;
#1595 = EDGE_CURVE ( 'NONE', #109, #637, #1702, .T. ) ;
#1596 = VECTOR ( 'NONE', #290, 1000.000000000000000 ) ;
#1597 = ORIENTED_EDGE ( 'NONE', *, *, #1646, .F. ) ;
#1598 = FACE_OUTER_BOUND ( 'NONE', #786, .T. ) ;
#1599 = EDGE_LOOP ( 'NONE', ( #232, #3038, #359, #3086 ) ) ;
#1600 = DIRECTION ( 'NONE',  ( -1.000000000000000000, 1.034393262474579000E-015, 0.0000000000000000000 ) ) ;
#1601 = FACE_OUTER_BOUND ( 'NONE', #1497, .T. ) ;
#1602 = ORIENTED_EDGE ( 'NONE', *, *, #992, .F. ) ;
#1603 = ORIENTED_EDGE ( 'NONE', *, *, #1851, .F. ) ;
#1604 = DIRECTION ( 'NONE',  ( 0.0000000000000000000, 0.0000000000000000000, 1.000000000000000000 ) ) ;
#1605 = CIRCLE ( 'NONE', #1202, 0.2445782486650656100 ) ;
#1606 = ORIENTED_EDGE ( 'NONE', *, *, #626, .T. ) ;
#1607 = CARTESIAN_POINT ( 'NONE',  ( 0.6265159306823712100, 0.1000000000000000300, -1.276515930682371500 ) ) ;
#1608 = CARTESIAN_POINT ( 'NONE',  ( 0.8824217513349343900, 0.7349999999999929900, 0.1999999999999999800 ) ) ;
#1609 = DIRECTION ( 'NONE',  ( -1.000000000000000000, 0.0000000000000000000, 0.0000000000000000000 ) ) ;
#1610 = ORIENTED_EDGE ( 'NONE', *, *, #583, .T. ) ;
#1611 =( GEOMETRIC_REPRESENTATION_CONTEXT ( 3 ) GLOBAL_UNCERTAINTY_ASSIGNED_CONTEXT ( ( #3330 ) ) GLOBAL_UNIT_ASSIGNED_CONTEXT ( ( #41, #3112, #2075 ) ) REPRESENTATION_CONTEXT ( 'NONE', 'WORKASPACE' ) );
#1612 = CARTESIAN_POINT ( 'NONE',  ( -0.7283013959751094600, 0.6332847967374504200, -1.378301395975109100 ) ) ;
#1613 = EDGE_CURVE ( 'NONE', #1379, #776, #1326, .T. ) ;
#1614 = CARTESIAN_POINT ( 'NONE',  ( -1.395567763918783100, -2.563694073882670400E-016, 1.149999999999999900 ) ) ;
#1615 = ORIENTED_EDGE ( 'NONE', *, *, #1526, .F. ) ;
#1616 = UNCERTAINTY_MEASURE_WITH_UNIT (LENGTH_MEASURE( 1.000000000000000100E-005 ), #3244, 'distance_accuracy_value', 'NONE');
#1617 = PLANE ( 'NONE',  #271 ) ;
#1618 = CARTESIAN_POINT ( 'NONE',  ( 0.6469698604445534000, 1.000000000000000000, -1.296969860444553400 ) ) ;
#1619 = CARTESIAN_POINT ( 'NONE',  ( 0.8824217513349343900, 0.6079999999999933200, 1.149999999999999900 ) ) ;
#1620 = ORIENTED_EDGE ( 'NONE', *, *, #521, .F. ) ;
#1621 = DIRECTION ( 'NONE',  ( 0.1736481776669272800, 0.9848077530122086900, 0.0000000000000000000 ) ) ;
#1622 = AXIS2_PLACEMENT_3D ( 'NONE', #101, #613, #2462 ) ;
#1623 = CARTESIAN_POINT ( 'NONE',  ( 0.7454506357457743000, 0.9173648177666927600, -1.321590054269859100 ) ) ;
#1624 = EDGE_CURVE ( 'NONE', #2726, #2170, #1119, .T. ) ;
#1625 = LINE ( 'NONE', #839, #246 ) ;
#1626 = CARTESIAN_POINT ( 'NONE',  ( 1.000000000000000000, 0.2500000000000004400, 0.1999999999999999800 ) ) ;
#1627 = FACE_OUTER_BOUND ( 'NONE', #850, .T. ) ;
#1628 = VERTEX_POINT ( 'NONE', #2890 ) ;
#1629 = DIRECTION ( 'NONE',  ( -9.019168743805730500E-016, -1.000000000000000000, -0.0000000000000000000 ) ) ;
#1630 = EDGE_CURVE ( 'NONE', #514, #1891, #1037, .T. ) ;
#1631 = DIRECTION ( 'NONE',  ( -9.019168743805710700E-016, 1.000000000000000000, -0.0000000000000000000 ) ) ;
#1632 = FACE_OUTER_BOUND ( 'NONE', #2159, .T. ) ;
#1633 = ORIENTED_EDGE ( 'NONE', *, *, #131, .F. ) ;
#1634 = DIRECTION ( 'NONE',  ( 0.0000000000000000000, 0.0000000000000000000, 1.000000000000000000 ) ) ;
#1635 = CIRCLE ( 'NONE', #2819, 0.1375000000000000400 ) ;
#1636 = VERTEX_POINT ( 'NONE', #2877 ) ;
#1637 = ORIENTED_EDGE ( 'NONE', *, *, #2832, .T. ) ;
#1638 = AXIS2_PLACEMENT_3D ( 'NONE', #2477, #2703, #1943 ) ;
#1639 = CARTESIAN_POINT ( 'NONE',  ( -0.6772872612766590600, 0.1000000000000000700, -1.289208763330943500 ) ) ;
#1640 = ORIENTED_EDGE ( 'NONE', *, *, #508, .T. ) ;
#1641 = CARTESIAN_POINT ( 'NONE',  ( -1.127000000000000000, 0.2499999999999997800, -0.7500000000000000000 ) ) ;
#1642 = EDGE_LOOP ( 'NONE', ( #1559, #2262, #513, #2896, #2204, #2795, #1954, #2440, #4, #1489, #2580, #358 ) ) ;
#1643 = CARTESIAN_POINT ( 'NONE',  ( -0.6265159306823716600, 0.1000000000000000300, -1.276515930682371500 ) ) ;
#1644 = ORIENTED_EDGE ( 'NONE', *, *, #1123, .T. ) ;
#1645 = CARTESIAN_POINT ( 'NONE',  ( 0.6715900542698587400, 0.9043412044416731000, 1.321590054269858600 ) ) ;
#1646 = EDGE_CURVE ( 'NONE', #307, #398, #2321, .T. ) ;
#1647 = ORIENTED_EDGE ( 'NONE', *, *, #240, .T. ) ;
#1648 = PLANE ( 'NONE',  #2176 ) ;
#1649 = EDGE_CURVE ( 'NONE', #2367, #1791, #2997, .T. ) ;
#1650 = DIRECTION ( 'NONE',  ( -0.0000000000000000000, -0.0000000000000000000, -1.000000000000000000 ) ) ;
#1651 = DIRECTION ( 'NONE',  ( 0.0000000000000000000, 0.0000000000000000000, 1.000000000000000000 ) ) ;
#1652 = DIRECTION ( 'NONE',  ( -0.9848077530122086900, 0.1736481776669273300, 0.0000000000000000000 ) ) ;
#1653 = AXIS2_PLACEMENT_3D ( 'NONE', #257, #2861, #1316 ) ;
#1654 = LINE ( 'NONE', #3084, #1948 ) ;
#1655 = DIRECTION ( 'NONE',  ( 0.0000000000000000000, 0.0000000000000000000, 1.000000000000000000 ) ) ;
#1656 = FACE_OUTER_BOUND ( 'NONE', #2802, .T. ) ;
#1657 = LINE ( 'NONE', #309, #17 ) ;
#1658 = ADVANCED_FACE ( 'NONE', ( #2559 ), #1387, .F. ) ;
#1659 = VECTOR ( 'NONE', #2738, 1000.000000000000200 ) ;
#1660 = EDGE_LOOP ( 'NONE', ( #2509, #2054, #3164, #1987 ) ) ;
#1661 = CARTESIAN_POINT ( 'NONE',  ( 1.126999999999999800, 0.4904217513349277700, 1.149999999999999900 ) ) ;
#1662 = DIRECTION ( 'NONE',  ( 0.0000000000000000000, -0.1736481776669276400, 0.9848077530122084600 ) ) ;
#1663 = AXIS2_PLACEMENT_3D ( 'NONE', #2988, #1655, #114 ) ;
#1664 = ORIENTED_EDGE ( 'NONE', *, *, #2939, .F. ) ;
#1665 = LINE ( 'NONE', #20, #3000 ) ;
#1666 = ORIENTED_EDGE ( 'NONE', *, *, #687, .F. ) ;
#1667 = CARTESIAN_POINT ( 'NONE',  ( 0.6377875929726447600, 1.096044488654897200, 1.287787592972644800 ) ) ;
#1668 = EDGE_CURVE ( 'NONE', #235, #1244, #63, .T. ) ;
#1669 = DIRECTION ( 'NONE',  ( -1.000000000000000000, -1.034393262474579000E-015, -0.0000000000000000000 ) ) ;
#1670 = LINE ( 'NONE', #2468, #1252 ) ;
#1671 = AXIS2_PLACEMENT_3D ( 'NONE', #2954, #600, #116 ) ;
#1672 = DIRECTION ( 'NONE',  ( -9.019168743805730500E-016, -1.000000000000000000, -0.0000000000000000000 ) ) ;
#1673 = ORIENTED_EDGE ( 'NONE', *, *, #3242, .T. ) ;
#1674 = LINE ( 'NONE', #1944, #2679 ) ;
#1675 = ORIENTED_EDGE ( 'NONE', *, *, #1345, .F. ) ;
#1676 = ADVANCED_FACE ( 'NONE', ( #1632 ), #2073, .T. ) ;
#1677 = AXIS2_PLACEMENT_3D ( 'NONE', #183, #1992, #2232 ) ;
#1678 = CARTESIAN_POINT ( 'NONE',  ( 0.8824217513349343900, 0.6079999999999933200, -1.149999999999999900 ) ) ;
#1679 = FACE_OUTER_BOUND ( 'NONE', #2544, .T. ) ;
#1680 = CARTESIAN_POINT ( 'NONE',  ( 1.244578248665065600, 0.2500000000000001100, 1.149999999999999900 ) ) ;
#1681 = ORIENTED_EDGE ( 'NONE', *, *, #2962, .F. ) ;
#1682 = EDGE_CURVE ( 'NONE', #1017, #1334, #1364, .T. ) ;
#1683 = DIRECTION ( 'NONE',  ( 1.000000000000000000, 0.0000000000000000000, -0.0000000000000000000 ) ) ;
#1684 = CARTESIAN_POINT ( 'NONE',  ( 1.399999999999999900, 0.1269226350314252800, 1.149999999999999900 ) ) ;
#1685 = CARTESIAN_POINT ( 'NONE',  ( -0.6469698604445537300, 1.000000000000000000, -1.296969860444553400 ) ) ;
#1686 = MECHANICAL_DESIGN_GEOMETRIC_PRESENTATION_REPRESENTATION (  '', ( #2634 ), #1611 ) ;
#1687 = ORIENTED_EDGE ( 'NONE', *, *, #1384, .T. ) ;
#1688 = EDGE_CURVE ( 'NONE', #1724, #1442, #450, .T. ) ;
#1689 = DIRECTION ( 'NONE',  ( 0.0000000000000000000, 1.000000000000000000, 0.0000000000000000000 ) ) ;
#1690 = CARTESIAN_POINT ( 'NONE',  ( -0.8824217513349343900, 0.6079999999999931000, -1.149999999999999900 ) ) ;
#1691 = DIRECTION ( 'NONE',  ( -0.0000000000000000000, -0.0000000000000000000, -1.000000000000000000 ) ) ;
#1692 = CARTESIAN_POINT ( 'NONE',  ( -0.7249967059835924500, 0.1826351822333073200, 1.450000000000000000 ) ) ;
#1693 = ORIENTED_EDGE ( 'NONE', *, *, #2557, .F. ) ;
#1694 = FACE_OUTER_BOUND ( 'NONE', #1571, .T. ) ;
#1695 = DIRECTION ( 'NONE',  ( -0.1710878697460326000, 0.9702875252478149200, -0.1710878697460326300 ) ) ;
#1696 = CYLINDRICAL_SURFACE ( 'NONE', #1427, 0.1000000000000000500 ) ;
#1697 = ORIENTED_EDGE ( 'NONE', *, *, #626, .F. ) ;
#1698 = DIRECTION ( 'NONE',  ( 0.0000000000000000000, 0.0000000000000000000, 1.000000000000000000 ) ) ;
#1699 = DIRECTION ( 'NONE',  ( -0.0000000000000000000, -0.0000000000000000000, -1.000000000000000000 ) ) ;
#1700 = ORIENTED_EDGE ( 'NONE', *, *, #1305, .T. ) ;
#1701 = CARTESIAN_POINT ( 'NONE',  ( 0.7776064734500255400, 0.7349999999999932100, -0.7500000000000000000 ) ) ;
#1702 = LINE ( 'NONE', #557, #1879 ) ;
#1703 = ORIENTED_EDGE ( 'NONE', *, *, #593, .T. ) ;
#1704 = EDGE_CURVE ( 'NONE', #1628, #3030, #3158, .T. ) ;
#1705 = CARTESIAN_POINT ( 'NONE',  ( 1.240474826963494000, 0.1324933768271632200, 0.1999999999999999800 ) ) ;
#1706 = CIRCLE ( 'NONE', #2747, 0.2445782486650653900 ) ;
#1707 = EDGE_LOOP ( 'NONE', ( #2088, #678, #1602, #2717 ) ) ;
#1708 =( BOUNDED_CURVE ( )  B_SPLINE_CURVE ( 3, ( #3034, #960, #1487, #438 ),
 .UNSPECIFIED., .F., .F. ) 
 B_SPLINE_CURVE_WITH_KNOTS ( ( 4, 4 ),
 ( 3.316125578789221900, 4.712388980384689700 ),
 .UNSPECIFIED. ) 
 CURVE ( )  GEOMETRIC_REPRESENTATION_ITEM ( )  RATIONAL_B_SPLINE_CURVE ( ( 1.000000000000000000, 0.8440296287459843100, 0.8440296287459843100, 1.000000000000000000 ) ) 
 REPRESENTATION_ITEM ( '' )  );
#1709 = AXIS2_PLACEMENT_3D ( 'NONE', #2866, #1874, #565 ) ;
#1710 = VECTOR ( 'NONE', #330, 1000.000000000000000 ) ;
#1711 = ORIENTED_EDGE ( 'NONE', *, *, #1468, .F. ) ;
#1712 = CARTESIAN_POINT ( 'NONE',  ( -1.240474826963494000, 0.1324933768271628900, -0.7500000000000000000 ) ) ;
#1713 = CARTESIAN_POINT ( 'NONE',  ( -1.395567763918783100, -2.563694073882670400E-016, -1.149999999999999900 ) ) ;
#1714 = ORIENTED_EDGE ( 'NONE', *, *, #642, .T. ) ;
#1715 = AXIS2_PLACEMENT_3D ( 'NONE', #231, #1068, #261 ) ;
#1716 = DIRECTION ( 'NONE',  ( -0.1710878697460323800, 0.9702875252478151400, 0.1710878697460324100 ) ) ;
#1717 = LINE ( 'NONE', #1619, #3208 ) ;
#1718 = ORIENTED_EDGE ( 'NONE', *, *, #2623, .F. ) ;
#1719 = CARTESIAN_POINT ( 'NONE',  ( -0.6585836336777904900, 0.9915602775868851400, -1.343424953377501300 ) ) ;
#1720 = ORIENTED_EDGE ( 'NONE', *, *, #2851, .T. ) ;
#1721 = CARTESIAN_POINT ( 'NONE',  ( -0.6265159306823716600, 0.2000000000000000400, 0.0000000000000000000 ) ) ;
#1722 = CARTESIAN_POINT ( 'NONE',  ( -0.6265159306823716600, 0.1000000000000000500, 1.276515930682371500 ) ) ;
#1723 = CARTESIAN_POINT ( 'NONE',  ( -0.7776064734500255400, 0.7349999999999929900, 1.149999999999999900 ) ) ;
#1724 = VERTEX_POINT ( 'NONE', #333 ) ;
#1725 = DIRECTION ( 'NONE',  ( -0.0000000000000000000, -0.0000000000000000000, -1.000000000000000000 ) ) ;
#1726 = ORIENTED_EDGE ( 'NONE', *, *, #407, .F. ) ;
#1727 = EDGE_CURVE ( 'NONE', #1891, #869, #2476, .T. ) ;
#1728 = ORIENTED_EDGE ( 'NONE', *, *, #828, .T. ) ;
#1729 = DIRECTION ( 'NONE',  ( -0.0000000000000000000, -0.0000000000000000000, -1.000000000000000000 ) ) ;
#1730 = VERTEX_POINT ( 'NONE', #1420 ) ;
#1731 = EDGE_CURVE ( 'NONE', #1636, #3209, #1916, .T. ) ;
#1732 = CARTESIAN_POINT ( 'NONE',  ( 0.7120332716136578100, 0.9835547542156343200, 1.362033271613656500 ) ) ;
#1733 = AXIS2_PLACEMENT_3D ( 'NONE', #494, #1854, #2400 ) ;
#1734 = ADVANCED_FACE ( 'NONE', ( #1794 ), #1163, .F. ) ;
#1735 = DIRECTION ( 'NONE',  ( 0.0000000000000000000, -0.1736481776669265800, 0.9848077530122086900 ) ) ;
#1736 = VECTOR ( 'NONE', #2023, 1000.000000000000000 ) ;
#1737 = DIRECTION ( 'NONE',  ( -0.1710878697460326300, -0.9702875252478149200, -0.1710878697460326000 ) ) ;
#1738 = ORIENTED_EDGE ( 'NONE', *, *, #2697, .T. ) ;
#1739 = VECTOR ( 'NONE', #2015, 1000.000000000000000 ) ;
#1740 = VERTEX_POINT ( 'NONE', #2184 ) ;
#1741 = MECHANICAL_DESIGN_GEOMETRIC_PRESENTATION_REPRESENTATION (  '', ( #1417 ), #1093 ) ;
#1742 = DIRECTION ( 'NONE',  ( 0.0000000000000000000, 1.000000000000000000, 0.0000000000000000000 ) ) ;
#1743 = VECTOR ( 'NONE', #3221, 1000.000000000000100 ) ;
#1744 = ORIENTED_EDGE ( 'NONE', *, *, #924, .T. ) ;
#1745 = CARTESIAN_POINT ( 'NONE',  ( -0.7161803569481692800, 0.1326351822333071400, 1.298932037248821100 ) ) ;
#1746 = DIRECTION ( 'NONE',  ( -1.000000000000000000, -1.034393262474579000E-015, -0.0000000000000000000 ) ) ;
#1747 = PRESENTATION_STYLE_ASSIGNMENT (( #1236 ) ) ;
#1748 = CARTESIAN_POINT ( 'NONE',  ( 1.399999999999999900, 0.1269226350314252800, -0.1999999999999999800 ) ) ;
#1749 = APPLICATION_PROTOCOL_DEFINITION ( 'draft international standard', 'automotive_design', 1998, #743 ) ;
#1750 = CYLINDRICAL_SURFACE ( 'NONE', #366, 0.2445782486650656100 ) ;
#1751 = ORIENTED_EDGE ( 'NONE', *, *, #2512, .T. ) ;
#1752 = EDGE_CURVE ( 'NONE', #2272, #1081, #577, .T. ) ;
#1753 = DIRECTION ( 'NONE',  ( -0.0000000000000000000, -0.0000000000000000000, -1.000000000000000000 ) ) ;
#1754 = COLOUR_RGB ( '',0.7921568627450980000, 0.8196078431372548800, 0.9333333333333333500 ) ;
#1755 = ORIENTED_EDGE ( 'NONE', *, *, #2084, .F. ) ;
#1756 = CARTESIAN_POINT ( 'NONE',  ( 0.7308798235622817600, 0.9173648177666926500, -1.395450635745774300 ) ) ;
#1757 = EDGE_CURVE ( 'NONE', #1880, #801, #949, .T. ) ;
#1758 = CARTESIAN_POINT ( 'NONE',  ( 1.000000000000000000, 0.2500000000000004400, -1.149999999999999900 ) ) ;
#1759 = CIRCLE ( 'NONE', #1444, 0.1175782486650656700 ) ;
#1760 = VERTEX_POINT ( 'NONE', #1641 ) ;
#1761 = CARTESIAN_POINT ( 'NONE',  ( 1.000000000000000000, 0.2500000000000004400, 0.1999999999999999800 ) ) ;
#1762 = PLANE ( 'NONE',  #2952 ) ;
#1763 = ORIENTED_EDGE ( 'NONE', *, *, #407, .T. ) ;
#1764 = STYLED_ITEM ( 'NONE', ( #2177 ), #2523 ) ;
#1765 = CARTESIAN_POINT ( 'NONE',  ( -0.8824217513349343900, 0.6079999999999932100, -0.7500000000000000000 ) ) ;
#1766 = ORIENTED_EDGE ( 'NONE', *, *, #3104, .T. ) ;
#1767 = CARTESIAN_POINT ( 'NONE',  ( -0.6702797793613583000, 1.000000000000000000, 1.302797340173754700 ) ) ;
#1768 = ORIENTED_EDGE ( 'NONE', *, *, #2271, .F. ) ;
#1769 = CARTESIAN_POINT ( 'NONE',  ( 0.6392087633309435600, 0.1000000000000000500, -1.327287261276658900 ) ) ;
#1770 = SURFACE_SIDE_STYLE ('',( #67 ) ) ;
#1771 = ORIENTED_EDGE ( 'NONE', *, *, #1752, .F. ) ;
#1772 = AXIS2_PLACEMENT_3D ( 'NONE', #302, #2381, #1096 ) ;
#1773 = CARTESIAN_POINT ( 'NONE',  ( 1.000000000000000000, 0.2500000000000004400, 1.149999999999999900 ) ) ;
#1774 = CARTESIAN_POINT ( 'NONE',  ( 0.7776064734500255400, 0.7349999999999932100, 1.149999999999999900 ) ) ;
#1775 =( BOUNDED_SURFACE ( )  B_SPLINE_SURFACE ( 3, 2, ( 
 ( #1858, #845, #1580 ),
 ( #1819, #1095, #2870 ),
 ( #2882, #2104, #1061 ),
 ( #1359, #1831, #560 ),
 ( #539, #829, #2372 ),
 ( #1845, #1607, #2608 ) ),
 .UNSPECIFIED., .F., .F., .F. ) 
 B_SPLINE_SURFACE_WITH_KNOTS ( ( 4, 2, 4 ),
 ( 3, 3 ),
 ( 6.457718232379016300, 7.155849933176750000, 7.853981633974482800 ),
 ( 0.0000000000000000000, 1.000000000000000000 ),
 .UNSPECIFIED. ) 
 GEOMETRIC_REPRESENTATION_ITEM ( )  RATIONAL_B_SPLINE_SURFACE ( (
 ( 1.000000000000000000, 0.7176885430348756100, 1.000000000000000000),
 ( 1.000000000000000000, 0.7454573872795432500, 1.000000000000000000),
 ( 1.000000000000000000, 0.8264515659729901900, 1.000000000000000000),
 ( 1.000000000000000000, 0.9550220312680470800, 1.000000000000000000),
 ( 1.000000000000000000, 1.001678127009431300, 1.000000000000000000),
 ( 1.000000000000000000, 1.000000000000000000, 1.000000000000000000) ) ) 
 REPRESENTATION_ITEM ( '' )  SURFACE ( )  );
#1776 = DIRECTION ( 'NONE',  ( 0.03489949670249122000, 0.9993908270190959800, -0.0000000000000000000 ) ) ;
#1777 = FILL_AREA_STYLE ('',( #1389 ) ) ;
#1778 = CARTESIAN_POINT ( 'NONE',  ( -1.000000000000000000, 0.2499999999999997800, 1.149999999999999900 ) ) ;
#1779 = ADVANCED_FACE ( 'NONE', ( #1076 ), #3085, .T. ) ;
#1780 = CARTESIAN_POINT ( 'NONE',  ( 0.7999999999999999300, 0.6079999999999934300, 0.1999999999999999800 ) ) ;
#1781 = LINE ( 'NONE', #1474, #1351 ) ;
#1782 = CARTESIAN_POINT ( 'NONE',  ( -0.6715900542698589600, 0.9173648177666926500, -1.395450635745774300 ) ) ;
#1783 = AXIS2_PLACEMENT_3D ( 'NONE', #851, #842, #2857 ) ;
#1784 = FILL_AREA_STYLE_COLOUR ( '', #912 ) ;
#1785 = EDGE_CURVE ( 'NONE', #2061, #2593, #2598, .T. ) ;
#1786 = ORIENTED_EDGE ( 'NONE', *, *, #2962, .T. ) ;
#1787 = CARTESIAN_POINT ( 'NONE',  ( -0.6926219859853077800, 1.216970978708185700, -1.268761404509391300 ) ) ;
#1788 = LINE ( 'NONE', #1274, #1278 ) ;
#1789 = FACE_OUTER_BOUND ( 'NONE', #1397, .T. ) ;
#1790 = LINE ( 'NONE', #811, #2874 ) ;
#1791 = VERTEX_POINT ( 'NONE', #2661 ) ;
#1792 = DIRECTION ( 'NONE',  ( -0.0000000000000000000, -0.0000000000000000000, -1.000000000000000000 ) ) ;
#1793 = CARTESIAN_POINT ( 'NONE',  ( 0.6773133068556032000, 0.9984951721472133900, -1.327313306855604400 ) ) ;
#1794 = FACE_OUTER_BOUND ( 'NONE', #1115, .T. ) ;
#1795 = VERTEX_POINT ( 'NONE', #1143 ) ;
#1796 = ADVANCED_FACE ( 'NONE', ( #1243 ), #2923, .F. ) ;
#1797 = EDGE_LOOP ( 'NONE', ( #831, #2675, #1483, #2690 ) ) ;
#1798 = CARTESIAN_POINT ( 'NONE',  ( -0.8824217513349343900, 0.4904217513349274400, 0.7500000000000000000 ) ) ;
#1799 = EDGE_CURVE ( 'NONE', #2480, #2948, #537, .T. ) ;
#1800 = VECTOR ( 'NONE', #1936, 1000.000000000000000 ) ;
#1801 = ORIENTED_EDGE ( 'NONE', *, *, #175, .T. ) ;
#1802 = CARTESIAN_POINT ( 'NONE',  ( -0.7776064734500255400, 0.7349999999999929900, 1.149999999999999900 ) ) ;
#1803 = CARTESIAN_POINT ( 'NONE',  ( 0.7249967059835922300, 0.1826351822333073200, 1.450000000000000000 ) ) ;
#1804 = VECTOR ( 'NONE', #1494, 1000.000000000000000 ) ;
#1805 = ORIENTED_EDGE ( 'NONE', *, *, #2967, .T. ) ;
#1806 = EDGE_CURVE ( 'NONE', #2445, #3042, #3196, .T. ) ;
#1807 = CARTESIAN_POINT ( 'NONE',  ( -0.7999999999999993800, 0.6080000000000014300, 1.419671808978412800 ) ) ;
#1808 = ORIENTED_EDGE ( 'NONE', *, *, #2430, .F. ) ;
#1809 = CARTESIAN_POINT ( 'NONE',  ( 0.6498258495991758900, 0.09999999999999993600, 1.282343410411571200 ) ) ;
#1810 = DIRECTION ( 'NONE',  ( -0.0000000000000000000, -0.0000000000000000000, -1.000000000000000000 ) ) ;
#1811 = ORIENTED_EDGE ( 'NONE', *, *, #1526, .T. ) ;
#1812 = PLANE ( 'NONE',  #3231 ) ;
#1813 = ORIENTED_EDGE ( 'NONE', *, *, #1300, .F. ) ;
#1814 = ORIENTED_EDGE ( 'NONE', *, *, #3081, .T. ) ;
#1815 = ADVANCED_FACE ( 'NONE', ( #412 ), #1217, .F. ) ;
#1816 = ORIENTED_EDGE ( 'NONE', *, *, #3117, .F. ) ;
#1817 = VERTEX_POINT ( 'NONE', #2741 ) ;
#1818 = CARTESIAN_POINT ( 'NONE',  ( -1.244578248665065600, 0.2499999999999997800, -0.7500000000000000000 ) ) ;
#1819 = CARTESIAN_POINT ( 'NONE',  ( 0.7209491996560059000, 0.1596806331828783700, -1.300124160177494700 ) ) ;
#1820 =( BOUNDED_CURVE ( )  B_SPLINE_CURVE ( 3, ( #2792, #1029, #519, #1556 ),
 .UNSPECIFIED., .F., .F. ) 
 B_SPLINE_CURVE_WITH_KNOTS ( ( 4, 4 ),
 ( 1.570796326794896600, 2.967059728390363900 ),
 .UNSPECIFIED. ) 
 CURVE ( )  GEOMETRIC_REPRESENTATION_ITEM ( )  RATIONAL_B_SPLINE_CURVE ( ( 1.000000000000000000, 0.8440296287459846400, 0.8440296287459846400, 1.000000000000000000 ) ) 
 REPRESENTATION_ITEM ( '' )  );
#1821 = EDGE_LOOP ( 'NONE', ( #3175, #1666, #2225, #2112 ) ) ;
#1822 = EDGE_CURVE ( 'NONE', #1535, #336, #2518, .T. ) ;
#1823 = FACE_OUTER_BOUND ( 'NONE', #272, .T. ) ;
#1824 = CARTESIAN_POINT ( 'NONE',  ( -1.399999999999999900, 0.1269226350314249200, -1.149999999999999900 ) ) ;
#1825 = CARTESIAN_POINT ( 'NONE',  ( 0.7120332716136578100, 0.9835547542156343200, -1.362033271613656500 ) ) ;
#1826 = ORIENTED_EDGE ( 'NONE', *, *, #1180, .T. ) ;
#1827 = EDGE_CURVE ( 'NONE', #3235, #2927, #3328, .T. ) ;
#1828 = VECTOR ( 'NONE', #1080, 1000.000000000000000 ) ;
#1829 = FACE_OUTER_BOUND ( 'NONE', #2575, .T. ) ;
#1830 = VERTEX_POINT ( 'NONE', #1991 ) ;
#1831 = CARTESIAN_POINT ( 'NONE',  ( 0.6568593770934226800, 0.1015048278527869400, -1.306859377093422700 ) ) ;
#1832 = ADVANCED_FACE ( 'NONE', ( #872 ), #2636, .T. ) ;
#1833 = CARTESIAN_POINT ( 'NONE',  ( -0.7776064734500255400, 0.7349999999999929900, 1.149999999999999900 ) ) ;
#1834 = FACE_OUTER_BOUND ( 'NONE', #2702, .T. ) ;
#1835 =( GEOMETRIC_REPRESENTATION_CONTEXT ( 3 ) GLOBAL_UNCERTAINTY_ASSIGNED_CONTEXT ( ( #3079 ) ) GLOBAL_UNIT_ASSIGNED_CONTEXT ( ( #2360, #2331, #800 ) ) REPRESENTATION_CONTEXT ( 'NONE', 'WORKASPACE' ) );
#1836 = CARTESIAN_POINT ( 'NONE',  ( -1.127000000000000000, 0.4904217513349274400, -0.7500000000000000000 ) ) ;
#1837 = SURFACE_STYLE_FILL_AREA ( #581 ) ;
#1838 = CARTESIAN_POINT ( 'NONE',  ( 1.000000000000000000, 0.2500000000000004400, 1.149999999999999900 ) ) ;
#1839 = VERTEX_POINT ( 'NONE', #1712 ) ;
#1840 = CARTESIAN_POINT ( 'NONE',  ( -0.8824217513349343900, 0.7349999999999931000, 1.149999999999999900 ) ) ;
#1841 = ADVANCED_FACE ( 'NONE', ( #1834 ), #171, .F. ) ;
#1842 = CYLINDRICAL_SURFACE ( 'NONE', #2362, 0.07499999999999996900 ) ;
#1843 = EDGE_LOOP ( 'NONE', ( #2239, #1034, #2813, #1267 ) ) ;
#1844 = SURFACE_SIDE_STYLE ('',( #2992 ) ) ;
#1845 = CARTESIAN_POINT ( 'NONE',  ( 0.6265159306823709900, 0.1000000000000000300, -1.276515930682371500 ) ) ;
#1846 = DIRECTION ( 'NONE',  ( 0.0000000000000000000, 0.0000000000000000000, 1.000000000000000000 ) ) ;
#1847 = LINE ( 'NONE', #599, #1710 ) ;
#1848 = ORIENTED_EDGE ( 'NONE', *, *, #483, .F. ) ;
#1849 = CARTESIAN_POINT ( 'NONE',  ( -0.8824217513349343900, 0.6079999999999932100, -0.7500000000000000000 ) ) ;
#1850 = ORIENTED_EDGE ( 'NONE', *, *, #1055, .F. ) ;
#1851 = EDGE_CURVE ( 'NONE', #2170, #879, #2149, .T. ) ;
#1852 = DIRECTION ( 'NONE',  ( 0.03489949670249473800, -0.9993908270190959800, 0.0000000000000000000 ) ) ;
#1853 = CYLINDRICAL_SURFACE ( 'NONE', #113, 0.07499999999999996900 ) ;
#1854 = DIRECTION ( 'NONE',  ( -0.0000000000000000000, 1.000000000000000000, -0.0000000000000000000 ) ) ;
#1855 = AXIS2_PLACEMENT_3D ( 'NONE', #843, #1106, #2895 ) ;
#1856 = DIRECTION ( 'NONE',  ( -9.019168743805710700E-016, 1.000000000000000000, -0.0000000000000000000 ) ) ;
#1857 = VERTEX_POINT ( 'NONE', #1723 ) ;
#1858 = CARTESIAN_POINT ( 'NONE',  ( 0.7249967059835923400, 0.1826351822333072700, -1.301136124507676500 ) ) ;
#1859 =( GEOMETRIC_REPRESENTATION_CONTEXT ( 3 ) GLOBAL_UNCERTAINTY_ASSIGNED_CONTEXT ( ( #1616 ) ) GLOBAL_UNIT_ASSIGNED_CONTEXT ( ( #3244, #2342, #1370 ) ) REPRESENTATION_CONTEXT ( 'NONE', 'WORKASPACE' ) );
#1860 = VERTEX_POINT ( 'NONE', #665 ) ;
#1861 = ORIENTED_EDGE ( 'NONE', *, *, #1358, .F. ) ;
#1862 = DIRECTION ( 'NONE',  ( -9.019168743805722600E-016, 1.000000000000000000, 0.0000000000000000000 ) ) ;
#1863 = ORIENTED_EDGE ( 'NONE', *, *, #97, .T. ) ;
#1864 = DIRECTION ( 'NONE',  ( -9.019168743805710700E-016, 1.000000000000000000, -0.0000000000000000000 ) ) ;
#1865 = EDGE_CURVE ( 'NONE', #1839, #1724, #657, .T. ) ;
#1866 = DIRECTION ( 'NONE',  ( 0.1736481776669257800, -0.9848077530122089100, -0.0000000000000000000 ) ) ;
#1867 = DIRECTION ( 'NONE',  ( 1.000000000000000000, 0.0000000000000000000, -0.0000000000000000000 ) ) ;
#1868 = CARTESIAN_POINT ( 'NONE',  ( -0.8824217513349343900, 0.4904217513349274400, -0.7500000000000000000 ) ) ;
#1869 = VECTOR ( 'NONE', #1725, 1000.000000000000000 ) ;
#1870 =( LENGTH_UNIT ( ) NAMED_UNIT ( * ) SI_UNIT ( .MILLI., .METRE. ) );
#1871 = EDGE_CURVE ( 'NONE', #2927, #605, #1482, .T. ) ;
#1872 = VERTEX_POINT ( 'NONE', #1947 ) ;
#1873 = DIRECTION ( 'NONE',  ( -0.0000000000000000000, -0.0000000000000000000, -1.000000000000000000 ) ) ;
#1874 = DIRECTION ( 'NONE',  ( -0.1710878697460326000, 0.9702875252478149200, 0.1710878697460326000 ) ) ;
#1875 = EDGE_CURVE ( 'NONE', #2341, #2398, #1151, .T. ) ;
#1876 = CYLINDRICAL_SURFACE ( 'NONE', #910, 0.1375000000000000400 ) ;
#1877 = EDGE_LOOP ( 'NONE', ( #617, #117, #346, #3169, #799, #2816, #1020, #1590, #423, #681, #1226, #3307 ) ) ;
#1878 = DIRECTION ( 'NONE',  ( -1.000000000000000000, 0.0000000000000000000, 0.0000000000000000000 ) ) ;
#1879 = VECTOR ( 'NONE', #562, 1000.000000000000000 ) ;
#1880 = VERTEX_POINT ( 'NONE', #959 ) ;
#1881 = DIRECTION ( 'NONE',  ( -1.000000000000000000, 1.034393262474579000E-015, 0.0000000000000000000 ) ) ;
#1882 = CARTESIAN_POINT ( 'NONE',  ( 1.395567763918783600, 8.544611162700630100E-017, -0.7500000000000000000 ) ) ;
#1883 = CYLINDRICAL_SURFACE ( 'NONE', #2130, 0.1000000000000000500 ) ;
#1884 = EDGE_LOOP ( 'NONE', ( #1894, #270, #1461 ) ) ;
#1885 = DIRECTION ( 'NONE',  ( 0.0000000000000000000, 1.000000000000000000, 0.0000000000000000000 ) ) ;
#1886 =( BOUNDED_SURFACE ( )  B_SPLINE_SURFACE ( 3, 2, ( 
 ( #1293, #1562, #2050 ),
 ( #1325, #3076, #507 ),
 ( #3342, #1825, #2085 ),
 ( #491, #1793, #5 ),
 ( #2040, #2300, #784 ),
 ( #774, #1019, #2823 ) ),
 .UNSPECIFIED., .F., .F., .F. ) 
 B_SPLINE_SURFACE_WITH_KNOTS ( ( 4, 2, 4 ),
 ( 3, 3 ),
 ( 6.457718232379015400, 7.155849933176749100, 7.853981633974482800 ),
 ( 0.0000000000000000000, 1.000000000000000000 ),
 .UNSPECIFIED. ) 
 GEOMETRIC_REPRESENTATION_ITEM ( )  RATIONAL_B_SPLINE_SURFACE ( (
 ( 1.000000000000000000, 0.7176885430348755000, 1.000000000000000000),
 ( 1.000000000000000000, 0.7454573872795476900, 1.000000000000000000),
 ( 1.000000000000000000, 0.8264515659729830800, 1.000000000000000000),
 ( 1.000000000000000000, 0.9550220312680538500, 1.000000000000000000),
 ( 1.000000000000000000, 1.001678127009426400, 1.000000000000000000),
 ( 1.000000000000000000, 1.000000000000000000, 1.000000000000000000) ) ) 
 REPRESENTATION_ITEM ( '' )  SURFACE ( )  );
#1887 = ORIENTED_EDGE ( 'NONE', *, *, #860, .F. ) ;
#1888 = DIRECTION ( 'NONE',  ( -1.000000000000000000, -9.019168743805710700E-016, 0.0000000000000000000 ) ) ;
#1889 = PLANE ( 'NONE',  #1638 ) ;
#1890 = CARTESIAN_POINT ( 'NONE',  ( -1.000000000000000000, 0.2499999999999997800, -0.7500000000000000000 ) ) ;
#1891 = VERTEX_POINT ( 'NONE', #3275 ) ;
#1892 = CARTESIAN_POINT ( 'NONE',  ( -0.8000000000000001600, 0.6080000000000093100, 1.450000000000000000 ) ) ;
#1893 = FACE_OUTER_BOUND ( 'NONE', #3096, .T. ) ;
#1894 = ORIENTED_EDGE ( 'NONE', *, *, #1142, .F. ) ;
#1895 = ADVANCED_FACE ( 'NONE', ( #2790 ), #2485, .F. ) ;
#1896 = DIRECTION ( 'NONE',  ( 0.0000000000000000000, 0.0000000000000000000, 1.000000000000000000 ) ) ;
#1897 = EDGE_LOOP ( 'NONE', ( #1606, #313, #338, #958 ) ) ;
#1898 = ORIENTED_EDGE ( 'NONE', *, *, #39, .T. ) ;
#1899 = AXIS2_PLACEMENT_3D ( 'NONE', #3237, #1463, #1220 ) ;
#1900 = DIRECTION ( 'NONE',  ( -1.000000000000000000, 0.0000000000000000000, 0.0000000000000000000 ) ) ;
#1901 = DIRECTION ( 'NONE',  ( -0.9993908270190958700, 0.03489949670249473100, 0.0000000000000000000 ) ) ;
#1902 = CARTESIAN_POINT ( 'NONE',  ( -0.6409779938970994200, 0.09999973775555186200, -1.290977993897101100 ) ) ;
#1903 = CARTESIAN_POINT ( 'NONE',  ( 1.399999999999999900, 0.1269226350314252800, 0.1999999999999999800 ) ) ;
#1904 = AXIS2_PLACEMENT_3D ( 'NONE', #2037, #2853, #2346 ) ;
#1905 = DIRECTION ( 'NONE',  ( -1.000000000000000000, 0.0000000000000000000, 0.0000000000000000000 ) ) ;
#1906 = ADVANCED_FACE ( 'NONE', ( #3082 ), #2067, .T. ) ;
#1907 = DIRECTION ( 'NONE',  ( 0.9848077530122089100, 0.1736481776669258100, -0.0000000000000000000 ) ) ;
#1908 = ORIENTED_EDGE ( 'NONE', *, *, #240, .F. ) ;
#1909 = EDGE_CURVE ( 'NONE', #2415, #1740, #2105, .T. ) ;
#1910 = VECTOR ( 'NONE', #729, 1000.000000000000000 ) ;
#1911 = DIRECTION ( 'NONE',  ( 0.9993908270190958700, -0.03489949670249473800, -0.0000000000000000000 ) ) ;
#1912 = VECTOR ( 'NONE', #1600, 1000.000000000000000 ) ;
#1913 = ORIENTED_EDGE ( 'NONE', *, *, #1682, .F. ) ;
#1914 = EDGE_CURVE ( 'NONE', #1382, #1094, #2124, .T. ) ;
#1915 = DIRECTION ( 'NONE',  ( 0.0000000000000000000, 0.0000000000000000000, 1.000000000000000000 ) ) ;
#1916 = LINE ( 'NONE', #1939, #698 ) ;
#1917 = ORIENTED_EDGE ( 'NONE', *, *, #1531, .F. ) ;
#1918 = AXIS2_PLACEMENT_3D ( 'NONE', #986, #3036, #1529 ) ;
#1919 = VECTOR ( 'NONE', #3100, 1000.000000000000200 ) ;
#1920 = EDGE_LOOP ( 'NONE', ( #1270, #1077 ) ) ;
#1921 = DIRECTION ( 'NONE',  ( -0.0000000000000000000, -0.0000000000000000000, -1.000000000000000000 ) ) ;
#1922 = CARTESIAN_POINT ( 'NONE',  ( 1.126999999999999800, 0.4904217513349277700, 1.149999999999999900 ) ) ;
#1923 = DIRECTION ( 'NONE',  ( 1.315432097626353200E-015, 1.000000000000000000, -0.0000000000000000000 ) ) ;
#1924 = FACE_OUTER_BOUND ( 'NONE', #2311, .T. ) ;
#1925 = VERTEX_POINT ( 'NONE', #471 ) ;
#1926 = DIRECTION ( 'NONE',  ( 0.0000000000000000000, -0.0000000000000000000, 1.000000000000000000 ) ) ;
#1927 = ADVANCED_BREP_SHAPE_REPRESENTATION ( 'MIC2288YD5-TR', ( #833, #1186, #326, #570, #1380, #2317, #2523, #979 ), #1246 ) ;
#1928 = ORIENTED_EDGE ( 'NONE', *, *, #1668, .T. ) ;
#1929 = CARTESIAN_POINT ( 'NONE',  ( 0.8824217513349343900, 0.6079999999999933200, 1.149999999999999900 ) ) ;
#1930 = FACE_OUTER_BOUND ( 'NONE', #2810, .T. ) ;
#1931 = ORIENTED_EDGE ( 'NONE', *, *, #2957, .T. ) ;
#1932 = CARTESIAN_POINT ( 'NONE',  ( 0.7261394185240842600, 0.6079999999999931000, -1.450000000000000000 ) ) ;
#1933 = COLOUR_RGB ( '',0.7921568627450980000, 0.8196078431372548800, 0.9333333333333333500 ) ;
#1934 = EDGE_CURVE ( 'NONE', #2365, #2236, #2359, .T. ) ;
#1935 = ORIENTED_EDGE ( 'NONE', *, *, #39, .F. ) ;
#1936 = DIRECTION ( 'NONE',  ( -1.000000000000000000, -1.034393262474579000E-015, -0.0000000000000000000 ) ) ;
#1937 = ORIENTED_EDGE ( 'NONE', *, *, #480, .T. ) ;
#1938 = EDGE_CURVE ( 'NONE', #1031, #1568, #2829, .T. ) ;
#1939 = CARTESIAN_POINT ( 'NONE',  ( 1.126999999999999800, 0.4904217513349277700, -0.7500000000000000000 ) ) ;
#1940 = CARTESIAN_POINT ( 'NONE',  ( -0.8000000000000001600, 0.6079999999999931000, -1.450000000000000000 ) ) ;
#1941 = VERTEX_POINT ( 'NONE', #192 ) ;
#1942 = ADVANCED_FACE ( 'NONE', ( #1396 ), #2266, .F. ) ;
#1943 = DIRECTION ( 'NONE',  ( 1.000000000000000000, 0.0000000000000000000, -0.0000000000000000000 ) ) ;
#1944 = CARTESIAN_POINT ( 'NONE',  ( 1.126999999999999800, 0.4904217513349277700, 0.1999999999999999800 ) ) ;
#1945 = DIRECTION ( 'NONE',  ( 0.0000000000000000000, 0.0000000000000000000, 1.000000000000000000 ) ) ;
#1946 = DIRECTION ( 'NONE',  ( -9.019168743805712700E-016, -1.000000000000000000, 0.0000000000000000000 ) ) ;
#1947 = CARTESIAN_POINT ( 'NONE',  ( -0.6715900542698589600, 0.9173648177666926500, 1.395450635745774300 ) ) ;
#1948 = VECTOR ( 'NONE', #347, 1000.000000000000000 ) ;
#1949 = DIRECTION ( 'NONE',  ( -0.9993908270190958700, -0.03489949670249498100, 0.0000000000000000000 ) ) ;
#1950 = AXIS2_PLACEMENT_3D ( 'NONE', #896, #855, #340 ) ;
#1951 = LINE ( 'NONE', #2227, #1356 ) ;
#1952 = DIRECTION ( 'NONE',  ( 0.0000000000000000000, -0.0000000000000000000, 1.000000000000000000 ) ) ;
#1953 = CARTESIAN_POINT ( 'NONE',  ( 0.6377875929726448700, 1.109068101979916700, -1.361648174448560500 ) ) ;
#1954 = ORIENTED_EDGE ( 'NONE', *, *, #373, .F. ) ;
#1955 = CARTESIAN_POINT ( 'NONE',  ( -0.6527973401737549000, 1.000000000000000000, -1.320279779361358100 ) ) ;
#1956 = DIRECTION ( 'NONE',  ( 0.0000000000000000000, 0.0000000000000000000, 1.000000000000000000 ) ) ;
#1957 = STYLED_ITEM ( 'NONE', ( #1264 ), #326 ) ;
#1958 = VECTOR ( 'NONE', #414, 1000.000000000000000 ) ;
#1959 = ORIENTED_EDGE ( 'NONE', *, *, #589, .F. ) ;
#1960 = EDGE_CURVE ( 'NONE', #2134, #514, #654, .T. ) ;
#1961 = DIRECTION ( 'NONE',  ( 1.000000000000000000, 1.034393262474579000E-015, 0.0000000000000000000 ) ) ;
#1962 = CIRCLE ( 'NONE', #885, 0.1175782486650656700 ) ;
#1963 = AXIS2_PLACEMENT_3D ( 'NONE', #3303, #2281, #477 ) ;
#1964 = VERTEX_POINT ( 'NONE', #2255 ) ;
#1965 = DIRECTION ( 'NONE',  ( -0.0000000000000000000, -0.0000000000000000000, 1.000000000000000000 ) ) ;
#1966 = AXIS2_PLACEMENT_3D ( 'NONE', #2686, #884, #2163 ) ;
#1967 = DIRECTION ( 'NONE',  ( -0.03489949670249122000, -0.9993908270190959800, 0.0000000000000000000 ) ) ;
#1968 = VERTEX_POINT ( 'NONE', #3069 ) ;
#1969 = ADVANCED_FACE ( 'NONE', ( #3233 ), #214, .F. ) ;
#1970 = DIRECTION ( 'NONE',  ( -0.0000000000000000000, -0.0000000000000000000, -1.000000000000000000 ) ) ;
#1971 =( BOUNDED_CURVE ( )  B_SPLINE_CURVE ( 3, ( #2214, #2475, #938, #3003 ),
 .UNSPECIFIED., .F., .T. ) 
 B_SPLINE_CURVE_WITH_KNOTS ( ( 4, 4 ),
 ( 2.371273620688842100, 3.911911686490742800 ),
 .UNSPECIFIED. ) 
 CURVE ( )  GEOMETRIC_REPRESENTATION_ITEM ( )  RATIONAL_B_SPLINE_CURVE ( ( 1.000000000000000000, 0.8117923620232592200, 0.8117923620232592200, 1.000000000000000000 ) ) 
 REPRESENTATION_ITEM ( '' )  );
#1972 = CARTESIAN_POINT ( 'NONE',  ( 0.8824217513349343900, 0.6079999999999933200, -1.149999999999999900 ) ) ;
#1973 = LINE ( 'NONE', #297, #229 ) ;
#1974 = EDGE_LOOP ( 'NONE', ( #3201, #2077, #2553, #1366 ) ) ;
#1975 = ADVANCED_FACE ( 'NONE', ( #1627 ), #374, .T. ) ;
#1976 = EDGE_LOOP ( 'NONE', ( #1208, #2495, #712, #3187 ) ) ;
#1977 = EDGE_CURVE ( 'NONE', #472, #1925, #692, .T. ) ;
#1978 = VERTEX_POINT ( 'NONE', #736 ) ;
#1979 = EDGE_CURVE ( 'NONE', #485, #307, #2912, .T. ) ;
#1980 = SURFACE_STYLE_USAGE ( .BOTH. , #401 ) ;
#1981 = DIRECTION ( 'NONE',  ( 1.000000000000000000, -0.0000000000000000000, -0.0000000000000000000 ) ) ;
#1982 = VERTEX_POINT ( 'NONE', #728 ) ;
#1983 = CARTESIAN_POINT ( 'NONE',  ( 0.7454506357457743000, 0.9173648177666927600, 1.321590054269858900 ) ) ;
#1984 = AXIS2_PLACEMENT_3D ( 'NONE', #163, #2174, #1952 ) ;
#1985 = CARTESIAN_POINT ( 'NONE',  ( -0.6702797793613583000, 1.000000000000000000, -1.302797340173754700 ) ) ;
#1986 = ADVANCED_FACE ( 'NONE', ( #2270 ), #2767, .F. ) ;
#1987 = ORIENTED_EDGE ( 'NONE', *, *, #1057, .T. ) ;
#1988 = CARTESIAN_POINT ( 'NONE',  ( 0.6715900542698586300, 0.9173648177666926500, 1.395450635745774300 ) ) ;
#1989 = LINE ( 'NONE', #824, #3279 ) ;
#1990 = CARTESIAN_POINT ( 'NONE',  ( -0.8824217513349343900, 0.4904217513349274400, 1.149999999999999900 ) ) ;
#1991 = CARTESIAN_POINT ( 'NONE',  ( -0.7454506357457745300, 0.9173648177666926500, 1.321590054269859100 ) ) ;
#1992 = DIRECTION ( 'NONE',  ( -0.0000000000000000000, -0.0000000000000000000, -1.000000000000000000 ) ) ;
#1993 = EDGE_CURVE ( 'NONE', #2302, #2617, #2471, .T. ) ;
#1994 = CARTESIAN_POINT ( 'NONE',  ( -1.395567763918783100, -2.563694073882670400E-016, -0.7500000000000000000 ) ) ;
#1995 = VECTOR ( 'NONE', #1873, 1000.000000000000000 ) ;
#1996 = ORIENTED_EDGE ( 'NONE', *, *, #3026, .F. ) ;
#1997 = CARTESIAN_POINT ( 'NONE',  ( 1.240474826963494000, 0.1324933768271632200, 1.149999999999999900 ) ) ;
#1998 = EDGE_CURVE ( 'NONE', #1860, #2061, #868, .T. ) ;
#1999 = DIRECTION ( 'NONE',  ( -0.0000000000000000000, -0.0000000000000000000, -1.000000000000000000 ) ) ;
#2000 = VECTOR ( 'NONE', #3044, 1000.000000000000100 ) ;
#2001 = ORIENTED_EDGE ( 'NONE', *, *, #2897, .F. ) ;
#2002 = LINE ( 'NONE', #1614, #624 ) ;
#2003 = ADVANCED_FACE ( 'NONE', ( #172 ), #2277, .F. ) ;
#2004 = VERTEX_POINT ( 'NONE', #998 ) ;
#2005 = CARTESIAN_POINT ( 'NONE',  ( 0.8824217513349346100, 0.4904217513349276600, 0.1999999999999999800 ) ) ;
#2006 = AXIS2_PLACEMENT_3D ( 'NONE', #159, #1234, #3283 ) ;
#2007 = VECTOR ( 'NONE', #991, 1000.000000000000000 ) ;
#2008 = ORIENTED_EDGE ( 'NONE', *, *, #1448, .T. ) ;
#2009 =( NAMED_UNIT ( * ) SI_UNIT ( $, .STERADIAN. ) SOLID_ANGLE_UNIT ( ) );
#2010 = DIRECTION ( 'NONE',  ( 0.03489949670249122000, 0.9993908270190959800, -0.0000000000000000000 ) ) ;
#2011 = ORIENTED_EDGE ( 'NONE', *, *, #282, .F. ) ;
#2012 = DIRECTION ( 'NONE',  ( 1.000000000000000000, 0.0000000000000000000, 0.0000000000000000000 ) ) ;
#2013 = CARTESIAN_POINT ( 'NONE',  ( 1.399999999999999900, 0.1269226350314252800, -0.7500000000000000000 ) ) ;
#2014 = CARTESIAN_POINT ( 'NONE',  ( -0.8824217513349343900, 0.7349999999999931000, 0.7500000000000000000 ) ) ;
#2015 = DIRECTION ( 'NONE',  ( -1.000000000000000000, -1.034393262474579000E-015, -0.0000000000000000000 ) ) ;
#2016 = CARTESIAN_POINT ( 'NONE',  ( -0.6527973401737549000, 1.000000000000000000, 1.320279779361358100 ) ) ;
#2017 = ORIENTED_EDGE ( 'NONE', *, *, #2645, .T. ) ;
#2018 = EDGE_CURVE ( 'NONE', #3209, #40, #1033, .T. ) ;
#2019 = PLANE ( 'NONE',  #1025 ) ;
#2020 = CARTESIAN_POINT ( 'NONE',  ( 0.6489320372488209800, 0.1326351822333071100, 1.366180356948169200 ) ) ;
#2021 = VERTEX_POINT ( 'NONE', #1557 ) ;
#2022 = DIRECTION ( 'NONE',  ( -0.1710878697460324100, 0.9702875252478151400, 0.1710878697460324100 ) ) ;
#2023 = DIRECTION ( 'NONE',  ( 0.1736481776669257800, -0.9848077530122089100, -0.0000000000000000000 ) ) ;
#2024 = AXIS2_PLACEMENT_3D ( 'NONE', #2678, #343, #893 ) ;
#2025 = DIRECTION ( 'NONE',  ( 0.9848077530122086900, -0.1736481776669265800, 0.0000000000000000000 ) ) ;
#2026 = VECTOR ( 'NONE', #702, 1000.000000000000000 ) ;
#2027 = SURFACE_STYLE_USAGE ( .BOTH. , #963 ) ;
#2028 = VECTOR ( 'NONE', #1496, 1000.000000000000000 ) ;
#2029 = VERTEX_POINT ( 'NONE', #2825 ) ;
#2030 = AXIS2_PLACEMENT_3D ( 'NONE', #2082, #58, #1069 ) ;
#2031 = CARTESIAN_POINT ( 'NONE',  ( -0.6469698604445537300, 1.000000000000000000, 1.296969860444553400 ) ) ;
#2032 = LINE ( 'NONE', #1849, #1192 ) ;
#2033 = ORIENTED_EDGE ( 'NONE', *, *, #3156, .F. ) ;
#2034 = EDGE_CURVE ( 'NONE', #461, #655, #826, .T. ) ;
#2035 = VECTOR ( 'NONE', #2457, 1000.000000000000000 ) ;
#2036 = ORIENTED_EDGE ( 'NONE', *, *, #1865, .F. ) ;
#2037 = CARTESIAN_POINT ( 'NONE',  ( -0.8000000000000001600, 0.6080000000000093100, -1.450000000000000000 ) ) ;
#2038 = ORIENTED_EDGE ( 'NONE', *, *, #3120, .F. ) ;
#2039 = EDGE_CURVE ( 'NONE', #3209, #1860, #741, .T. ) ;
#2040 = CARTESIAN_POINT ( 'NONE',  ( 0.6527973401737545700, 1.000000000000000000, -1.320279779361358100 ) ) ;
#2041 = CIRCLE ( 'NONE', #985, 0.1375000000000000400 ) ;
#2042 = VERTEX_POINT ( 'NONE', #1588 ) ;
#2043 = DIRECTION ( 'NONE',  ( 0.9848077530122086900, 0.1736481776669273300, -0.0000000000000000000 ) ) ;
#2044 = EDGE_LOOP ( 'NONE', ( #29, #890, #16, #955 ) ) ;
#2045 = CARTESIAN_POINT ( 'NONE',  ( 0.8824217513349343900, 0.7349999999999929900, -0.7500000000000000000 ) ) ;
#2046 = ORIENTED_EDGE ( 'NONE', *, *, #3177, .T. ) ;
#2047 = AXIS2_PLACEMENT_3D ( 'NONE', #44, #1075, #3105 ) ;
#2048 = PLANE ( 'NONE',  #1904 ) ;
#2049 = ADVANCED_FACE ( 'NONE', ( #1476 ), #2872, .F. ) ;
#2050 = CARTESIAN_POINT ( 'NONE',  ( 0.7454506357457743000, 0.9173648177666926500, -1.321590054269858600 ) ) ;
#2051 = ORIENTED_EDGE ( 'NONE', *, *, #2491, .F. ) ;
#2052 = PLANE ( 'NONE',  #3256 ) ;
#2053 = ORIENTED_EDGE ( 'NONE', *, *, #1358, .T. ) ;
#2054 = ORIENTED_EDGE ( 'NONE', *, *, #2967, .F. ) ;
#2055 = CARTESIAN_POINT ( 'NONE',  ( 0.8824217513349346100, 0.4904217513349276600, 0.1999999999999999800 ) ) ;
#2056 = DIRECTION ( 'NONE',  ( -1.000000000000000000, 0.0000000000000000000, 0.0000000000000000000 ) ) ;
#2057 = ADVANCED_FACE ( 'NONE', ( #291 ), #2078, .F. ) ;
#2058 = EDGE_CURVE ( 'NONE', #2771, #765, #1790, .T. ) ;
#2059 = DIRECTION ( 'NONE',  ( -1.000000000000000000, 0.0000000000000000000, 0.0000000000000000000 ) ) ;
#2060 = AXIS2_PLACEMENT_3D ( 'NONE', #1277, #987, #2025 ) ;
#2061 = VERTEX_POINT ( 'NONE', #1086 ) ;
#2062 = FACE_OUTER_BOUND ( 'NONE', #1797, .T. ) ;
#2063 = FILL_AREA_STYLE ('',( #255 ) ) ;
#2064 = ADVANCED_FACE ( 'NONE', ( #128 ), #788, .F. ) ;
#2065 = CARTESIAN_POINT ( 'NONE',  ( 0.8824217513349343900, 0.6079999999999933200, -0.7500000000000000000 ) ) ;
#2066 = AXIS2_PLACEMENT_3D ( 'NONE', #1612, #2383, #2366 ) ;
#2067 = CYLINDRICAL_SURFACE ( 'NONE', #636, 0.2445782486650656100 ) ;
#2068 = ORIENTED_EDGE ( 'NONE', *, *, #1363, .F. ) ;
#2069 = CARTESIAN_POINT ( 'NONE',  ( 1.395567763918783600, 8.544611162700630100E-017, 0.1999999999999999800 ) ) ;
#2070 = DIRECTION ( 'NONE',  ( -0.9993908270190958700, 0.03489949670249439800, -0.0000000000000000000 ) ) ;
#2071 = CARTESIAN_POINT ( 'NONE',  ( 0.6265159306823714400, 0.1000000000000000500, -1.276515930682371500 ) ) ;
#2072 = ADVANCED_FACE ( 'NONE', ( #2955 ), #60, .T. ) ;
#2073 = CYLINDRICAL_SURFACE ( 'NONE', #2024, 0.07499999999999996900 ) ;
#2074 = ORIENTED_EDGE ( 'NONE', *, *, #370, .F. ) ;
#2075 =( NAMED_UNIT ( * ) SI_UNIT ( $, .STERADIAN. ) SOLID_ANGLE_UNIT ( ) );
#2076 = LINE ( 'NONE', #1550, #1402 ) ;
#2077 = ORIENTED_EDGE ( 'NONE', *, *, #828, .F. ) ;
#2078 = PLANE ( 'NONE',  #2862 ) ;
#2079 = EDGE_CURVE ( 'NONE', #341, #2682, #945, .T. ) ;
#2080 = FACE_OUTER_BOUND ( 'NONE', #1660, .T. ) ;
#2081 = ORIENTED_EDGE ( 'NONE', *, *, #1099, .T. ) ;
#2082 = CARTESIAN_POINT ( 'NONE',  ( -0.4250000000000001600, 0.9499999999999999600, -1.075000000000000000 ) ) ;
#2083 = ORIENTED_EDGE ( 'NONE', *, *, #115, .F. ) ;
#2084 = EDGE_CURVE ( 'NONE', #2365, #2379, #1554, .T. ) ;
#2085 = CARTESIAN_POINT ( 'NONE',  ( 0.7290722894489167800, 0.9616486110369076900, -1.317495467695644300 ) ) ;
#2086 = AXIS2_PLACEMENT_3D ( 'NONE', #1122, #2641, #86 ) ;
#2087 = FACE_OUTER_BOUND ( 'NONE', #2044, .T. ) ;
#2088 = ORIENTED_EDGE ( 'NONE', *, *, #521, .T. ) ;
#2089 = DIRECTION ( 'NONE',  ( -0.0000000000000000000, -0.0000000000000000000, -1.000000000000000000 ) ) ;
#2090 = DIRECTION ( 'NONE',  ( -0.0000000000000000000, -0.0000000000000000000, -1.000000000000000000 ) ) ;
#2091 = DIRECTION ( 'NONE',  ( -9.019168743805712700E-016, -1.000000000000000000, 0.0000000000000000000 ) ) ;
#2092 = LINE ( 'NONE', #1586, #38 ) ;
#2093 = SURFACE_SIDE_STYLE ('',( #1837 ) ) ;
#2094 = CARTESIAN_POINT ( 'NONE',  ( -1.236042590882277200, 0.005570741795737780100, 1.149999999999999900 ) ) ;
#2095 = DIRECTION ( 'NONE',  ( -0.0000000000000000000, -0.0000000000000000000, -1.000000000000000000 ) ) ;
#2096 = ORIENTED_EDGE ( 'NONE', *, *, #2183, .T. ) ;
#2097 = VERTEX_POINT ( 'NONE', #520 ) ;
#2098 = CARTESIAN_POINT ( 'NONE',  ( 0.8824217513349343900, 0.6079999999999933200, -0.7500000000000000000 ) ) ;
#2099 = EDGE_CURVE ( 'NONE', #3338, #1535, #2032, .T. ) ;
#2100 = DIRECTION ( 'NONE',  ( -0.0000000000000000000, 0.0000000000000000000, -1.000000000000000000 ) ) ;
#2101 = DIRECTION ( 'NONE',  ( -0.0000000000000000000, -0.0000000000000000000, -1.000000000000000000 ) ) ;
#2102 = VECTOR ( 'NONE', #1672, 1000.000000000000000 ) ;
#2103 = FACE_OUTER_BOUND ( 'NONE', #296, .T. ) ;
#2104 = CARTESIAN_POINT ( 'NONE',  ( 0.6915793418514734100, 0.1164452457843650300, -1.341579341851474500 ) ) ;
#2105 = LINE ( 'NONE', #160, #2552 ) ;
#2106 = ORIENTED_EDGE ( 'NONE', *, *, #798, .T. ) ;
#2107 = DIRECTION ( 'NONE',  ( 0.9993908270190958700, 0.03489949670249498800, 0.0000000000000000000 ) ) ;
#2108 = CIRCLE ( 'NONE', #2436, 0.1175782486650656700 ) ;
#2109 = EDGE_LOOP ( 'NONE', ( #2486, #727, #1786, #1566 ) ) ;
#2110 = CARTESIAN_POINT ( 'NONE',  ( 0.6511361245076765500, 0.1826351822333073200, -1.374996705983592100 ) ) ;
#2111 = CIRCLE ( 'NONE', #1422, 0.1175782486650656700 ) ;
#2112 = ORIENTED_EDGE ( 'NONE', *, *, #355, .T. ) ;
#2113 = AXIS2_PLACEMENT_3D ( 'NONE', #627, #3178, #1905 ) ;
#2114 = DIRECTION ( 'NONE',  ( -0.0000000000000000000, -0.0000000000000000000, -1.000000000000000000 ) ) ;
#2115 = VECTOR ( 'NONE', #317, 1000.000000000000000 ) ;
#2116 = ORIENTED_EDGE ( 'NONE', *, *, #673, .T. ) ;
#2117 = MECHANICAL_DESIGN_GEOMETRIC_PRESENTATION_REPRESENTATION (  '', ( #1275 ), #3339 ) ;
#2118 = CARTESIAN_POINT ( 'NONE',  ( 0.7776064734500255400, 0.7349999999999932100, -0.7500000000000000000 ) ) ;
#2119 = EDGE_CURVE ( 'NONE', #1628, #2121, #1435, .T. ) ;
#2120 = CIRCLE ( 'NONE', #1963, 0.1375000000000000400 ) ;
#2121 = VERTEX_POINT ( 'NONE', #2098 ) ;
#2122 = DIRECTION ( 'NONE',  ( 0.0000000000000000000, 1.000000000000000000, 0.0000000000000000000 ) ) ;
#2123 = DIRECTION ( 'NONE',  ( 0.0000000000000000000, 0.0000000000000000000, 1.000000000000000000 ) ) ;
#2124 =( BOUNDED_CURVE ( )  B_SPLINE_CURVE ( 3, ( #944, #701, #3261, #1983 ),
 .UNSPECIFIED., .F., .F. ) 
 B_SPLINE_CURVE_WITH_KNOTS ( ( 4, 4 ),
 ( 4.712388980384689700, 6.108652381980156100 ),
 .UNSPECIFIED. ) 
 CURVE ( )  GEOMETRIC_REPRESENTATION_ITEM ( )  RATIONAL_B_SPLINE_CURVE ( ( 1.000000000000000000, 0.8440296287459846400, 0.8440296287459846400, 1.000000000000000000 ) ) 
 REPRESENTATION_ITEM ( '' )  );
#2125 = EDGE_CURVE ( 'NONE', #2398, #195, #95, .T. ) ;
#2126 = FACE_OUTER_BOUND ( 'NONE', #1223, .T. ) ;
#2127 = ORIENTED_EDGE ( 'NONE', *, *, #1399, .T. ) ;
#2128 = AXIS2_PLACEMENT_3D ( 'NONE', #2295, #759, #3071 ) ;
#2129 = VECTOR ( 'NONE', #2558, 1000.000000000000000 ) ;
#2130 = AXIS2_PLACEMENT_3D ( 'NONE', #2847, #3124, #3144 ) ;
#2131 = CARTESIAN_POINT ( 'NONE',  ( -0.8824217513349343900, 0.4904217513349274400, 1.149999999999999900 ) ) ;
#2132 = ORIENTED_EDGE ( 'NONE', *, *, #2720, .F. ) ;
#2133 = PLANE ( 'NONE',  #103 ) ;
#2134 = VERTEX_POINT ( 'NONE', #2583 ) ;
#2135 = DIRECTION ( 'NONE',  ( 9.019168743805710700E-016, -1.000000000000000000, 0.0000000000000000000 ) ) ;
#2136 = CARTESIAN_POINT ( 'NONE',  ( 1.000000000000000000, 0.2500000000000004400, -0.1999999999999999800 ) ) ;
#2137 = COLOUR_RGB ( '',0.7921568627450980000, 0.8196078431372548800, 0.9333333333333333500 ) ;
#2138 = EDGE_CURVE ( 'NONE', #23, #219, #496, .T. ) ;
#2139 = DIRECTION ( 'NONE',  ( 0.1736481776669257800, -0.9848077530122089100, -0.0000000000000000000 ) ) ;
#2140 = EDGE_CURVE ( 'NONE', #3338, #3246, #2995, .T. ) ;
#2141 = ORIENTED_EDGE ( 'NONE', *, *, #2757, .F. ) ;
#2142 = CARTESIAN_POINT ( 'NONE',  ( 0.7999999999999999300, 0.6079999999999934300, -0.7500000000000000000 ) ) ;
#2143 = FACE_OUTER_BOUND ( 'NONE', #1507, .T. ) ;
#2144 = DIRECTION ( 'NONE',  ( 0.0000000000000000000, 1.000000000000000000, 0.0000000000000000000 ) ) ;
#2145 = FACE_OUTER_BOUND ( 'NONE', #900, .T. ) ;
#2146 = ORIENTED_EDGE ( 'NONE', *, *, #837, .T. ) ;
#2147 = CARTESIAN_POINT ( 'NONE',  ( 1.127000000000000000, 0.2500000000000000600, 0.1999999999999999800 ) ) ;
#2148 = PLANE ( 'NONE',  #2418 ) ;
#2149 = CIRCLE ( 'NONE', #288, 0.1175782486650656700 ) ;
#2150 = LINE ( 'NONE', #2322, #100 ) ;
#2151 = EDGE_LOOP ( 'NONE', ( #2663, #1887, #2830, #3274 ) ) ;
#2152 = CARTESIAN_POINT ( 'NONE',  ( 1.395567763918783600, 8.544611162700630100E-017, 0.1999999999999999800 ) ) ;
#2153 = FACE_OUTER_BOUND ( 'NONE', #2402, .T. ) ;
#2154 = ORIENTED_EDGE ( 'NONE', *, *, #79, .F. ) ;
#2155 = CARTESIAN_POINT ( 'NONE',  ( 1.126999999999999800, 0.4904217513349277700, -0.7500000000000000000 ) ) ;
#2156 = LINE ( 'NONE', #2287, #2805 ) ;
#2157 = VERTEX_POINT ( 'NONE', #819 ) ;
#2158 = LINE ( 'NONE', #2730, #426 ) ;
#2159 = EDGE_LOOP ( 'NONE', ( #2969, #805, #3289, #2972 ) ) ;
#2160 = EDGE_CURVE ( 'NONE', #1541, #493, #1480, .T. ) ;
#2161 =( BOUNDED_CURVE ( )  B_SPLINE_CURVE ( 3, ( #2653, #2911, #1639, #3155 ),
 .UNSPECIFIED., .F., .T. ) 
 B_SPLINE_CURVE_WITH_KNOTS ( ( 4, 4 ),
 ( 3.316125578789222800, 4.712388980384689700 ),
 .UNSPECIFIED. ) 
 CURVE ( )  GEOMETRIC_REPRESENTATION_ITEM ( )  RATIONAL_B_SPLINE_CURVE ( ( 1.000000000000000000, 0.8440296287459846400, 0.8440296287459846400, 1.000000000000000000 ) ) 
 REPRESENTATION_ITEM ( '' )  );
#2162 = FACE_OUTER_BOUND ( 'NONE', #2256, .T. ) ;
#2163 = DIRECTION ( 'NONE',  ( -0.1736481776669272500, -0.9848077530122086900, 0.0000000000000000000 ) ) ;
#2164 = EDGE_LOOP ( 'NONE', ( #1292, #1826, #1675, #3107 ) ) ;
#2165 = ADVANCED_FACE ( 'NONE', ( #2185 ), #247, .T. ) ;
#2166 = ORIENTED_EDGE ( 'NONE', *, *, #1871, .F. ) ;
#2167 = ORIENTED_EDGE ( 'NONE', *, *, #2517, .T. ) ;
#2168 = AXIS2_PLACEMENT_3D ( 'NONE', #482, #3319, #1296 ) ;
#2169 = DIRECTION ( 'NONE',  ( 1.000000000000000000, 0.0000000000000000000, -0.0000000000000000000 ) ) ;
#2170 = VERTEX_POINT ( 'NONE', #561 ) ;
#2171 = CARTESIAN_POINT ( 'NONE',  ( -0.8000000000000001600, 0.6079999999999931000, 1.149999999999999900 ) ) ;
#2172 = VERTEX_POINT ( 'NONE', #85 ) ;
#2173 = FACE_OUTER_BOUND ( 'NONE', #2422, .T. ) ;
#2174 = DIRECTION ( 'NONE',  ( 0.0000000000000000000, 1.000000000000000000, 0.0000000000000000000 ) ) ;
#2175 = CARTESIAN_POINT ( 'NONE',  ( -0.6596626930931254200, 1.000000000000000000, -1.347741191038841000 ) ) ;
#2176 = AXIS2_PLACEMENT_3D ( 'NONE', #1424, #2953, #2940 ) ;
#2177 = PRESENTATION_STYLE_ASSIGNMENT (( #554 ) ) ;
#2178 = VECTOR ( 'NONE', #2991, 1000.000000000000200 ) ;
#2179 = CARTESIAN_POINT ( 'NONE',  ( 1.000000000000000200, 0.4904217513349276600, 0.7500000000000000000 ) ) ;
#2180 = ORIENTED_EDGE ( 'NONE', *, *, #1187, .F. ) ;
#2181 = AXIS2_PLACEMENT_3D ( 'NONE', #2605, #1852, #2369 ) ;
#2182 = CARTESIAN_POINT ( 'NONE',  ( -0.8000000000000001600, 0.6079999999999931000, -1.376139418524081400 ) ) ;
#2183 = EDGE_CURVE ( 'NONE', #1501, #776, #993, .T. ) ;
#2184 = CARTESIAN_POINT ( 'NONE',  ( 0.7776064734500255400, 0.7349999999999932100, 0.7500000000000000000 ) ) ;
#2185 = FACE_OUTER_BOUND ( 'NONE', #2435, .T. ) ;
#2186 = ORIENTED_EDGE ( 'NONE', *, *, #2274, .T. ) ;
#2187 = VECTOR ( 'NONE', #2841, 1000.000000000000000 ) ;
#2188 = VERTEX_POINT ( 'NONE', #327 ) ;
#2189 = CARTESIAN_POINT ( 'NONE',  ( 0.7999999999999999300, 0.6079999999999931000, -1.450000000000000000 ) ) ;
#2190 = DIRECTION ( 'NONE',  ( 0.0000000000000000000, 0.0000000000000000000, -1.000000000000000000 ) ) ;
#2191 = LINE ( 'NONE', #1972, #1524 ) ;
#2192 = DIRECTION ( 'NONE',  ( -0.0000000000000000000, -0.0000000000000000000, -1.000000000000000000 ) ) ;
#2193 = AXIS2_PLACEMENT_3D ( 'NONE', #3213, #1164, #2458 ) ;
#2194 = CARTESIAN_POINT ( 'NONE',  ( 0.7454506357457743000, 0.9173648177666926500, 1.321590054269858600 ) ) ;
#2195 = EDGE_LOOP ( 'NONE', ( #1362, #451, #1633, #950, #2249, #267, #3133, #136, #2750, #918, #822, #1664 ) ) ;
#2196 = DIRECTION ( 'NONE',  ( 1.000000000000000000, 0.0000000000000000000, 0.0000000000000000000 ) ) ;
#2197 = LINE ( 'NONE', #722, #1333 ) ;
#2198 = ORIENTED_EDGE ( 'NONE', *, *, #1162, .T. ) ;
#2199 = EDGE_CURVE ( 'NONE', #1880, #2157, #908, .T. ) ;
#2200 = CARTESIAN_POINT ( 'NONE',  ( 1.240474826963494000, 0.1324933768271632200, -0.7500000000000000000 ) ) ;
#2201 = CARTESIAN_POINT ( 'NONE',  ( 1.127000000000000000, 0.2500000000000000600, 0.1999999999999999800 ) ) ;
#2202 = CARTESIAN_POINT ( 'NONE',  ( 0.7696718089784131400, 0.6080000000000012100, -1.449999999999998000 ) ) ;
#2203 = VECTOR ( 'NONE', #1136, 1000.000000000000000 ) ;
#2204 = ORIENTED_EDGE ( 'NONE', *, *, #1613, .F. ) ;
#2205 = CARTESIAN_POINT ( 'NONE',  ( -0.6614319236592815000, 1.000000262244451700, -1.311431923659283300 ) ) ;
#2206 = UNCERTAINTY_MEASURE_WITH_UNIT (LENGTH_MEASURE( 1.000000000000000100E-005 ), #731, 'distance_accuracy_value', 'NONE');
#2207 = EDGE_CURVE ( 'NONE', #2170, #2765, #2632, .T. ) ;
#2208 = ORIENTED_EDGE ( 'NONE', *, *, #2368, .T. ) ;
#2209 = PLANE ( 'NONE',  #2006 ) ;
#2210 = CARTESIAN_POINT ( 'NONE',  ( -1.126999999999999800, 0.4904217513349274400, 0.7500000000000000000 ) ) ;
#2211 = EDGE_LOOP ( 'NONE', ( #809, #3318, #634, #588 ) ) ;
#2212 = DIRECTION ( 'NONE',  ( 1.000000000000000000, 0.0000000000000000000, 0.0000000000000000000 ) ) ;
#2213 = VERTEX_POINT ( 'NONE', #2627 ) ;
#2214 = CARTESIAN_POINT ( 'NONE',  ( 0.7999999999999999300, 0.6079999999999931000, 1.376139418524084300 ) ) ;
#2215 = AXIS2_PLACEMENT_3D ( 'NONE', #1431, #132, #2708 ) ;
#2216 = DIRECTION ( 'NONE',  ( -0.9993908270190958700, 0.03489949670249439800, -0.0000000000000000000 ) ) ;
#2217 = CARTESIAN_POINT ( 'NONE',  ( 0.6596626930931253100, 1.000000000000000000, 1.347741191038841000 ) ) ;
#2218 = CARTESIAN_POINT ( 'NONE',  ( -1.244578248665065600, 0.2499999999999997800, 0.7500000000000000000 ) ) ;
#2219 = CARTESIAN_POINT ( 'NONE',  ( -1.399999999999999900, 0.1269226350314249200, 1.149999999999999900 ) ) ;
#2220 = VECTOR ( 'NONE', #2497, 1000.000000000000000 ) ;
#2221 = VECTOR ( 'NONE', #2699, 1000.000000000000000 ) ;
#2222 = ADVANCED_FACE ( 'NONE', ( #2224 ), #1876, .T. ) ;
#2223 = EDGE_CURVE ( 'NONE', #195, #1495, #3323, .T. ) ;
#2224 = FACE_OUTER_BOUND ( 'NONE', #3159, .T. ) ;
#2225 = ORIENTED_EDGE ( 'NONE', *, *, #1875, .F. ) ;
#2226 = CARTESIAN_POINT ( 'NONE',  ( 1.244578248665065600, 0.2500000000000001100, 0.1999999999999999800 ) ) ;
#2227 = CARTESIAN_POINT ( 'NONE',  ( 0.6265159306823714400, 0.1000000000000000500, 0.0000000000000000000 ) ) ;
#2228 = EDGE_CURVE ( 'NONE', #542, #1134, #572, .T. ) ;
#2229 = LINE ( 'NONE', #576, #747 ) ;
#2230 = VERTEX_POINT ( 'NONE', #2963 ) ;
#2231 = DIRECTION ( 'NONE',  ( 1.000000000000000000, -1.315432097626352800E-015, -0.0000000000000000000 ) ) ;
#2232 = DIRECTION ( 'NONE',  ( 1.000000000000000000, 0.0000000000000000000, 0.0000000000000000000 ) ) ;
#2233 = ORIENTED_EDGE ( 'NONE', *, *, #2832, .F. ) ;
#2234 = CARTESIAN_POINT ( 'NONE',  ( -0.8000000000000001600, 0.6079999999999931000, -1.149999999999999900 ) ) ;
#2235 = DIRECTION ( 'NONE',  ( -1.000000000000000000, 0.0000000000000000000, 0.0000000000000000000 ) ) ;
#2236 = VERTEX_POINT ( 'NONE', #1098 ) ;
#2237 = CARTESIAN_POINT ( 'NONE',  ( 1.000000000000000000, 0.2500000000000004400, -0.7500000000000000000 ) ) ;
#2238 = FACE_OUTER_BOUND ( 'NONE', #1338, .T. ) ;
#2239 = ORIENTED_EDGE ( 'NONE', *, *, #1265, .T. ) ;
#2240 = CARTESIAN_POINT ( 'NONE',  ( 0.6527973401737545700, 1.000000000000000000, 1.320279779361358100 ) ) ;
#2241 = CYLINDRICAL_SURFACE ( 'NONE', #3047, 0.1175782486650656700 ) ;
#2242 = ADVANCED_FACE ( 'NONE', ( #2950 ), #66, .T. ) ;
#2243 = CARTESIAN_POINT ( 'NONE',  ( 1.240474826963494000, 0.1324933768271632200, 1.149999999999999900 ) ) ;
#2244 = LINE ( 'NONE', #2727, #1454 ) ;
#2245 = ORIENTED_EDGE ( 'NONE', *, *, #126, .F. ) ;
#2246 = EDGE_CURVE ( 'NONE', #1860, #96, #2592, .T. ) ;
#2247 =( LENGTH_UNIT ( ) NAMED_UNIT ( * ) SI_UNIT ( .MILLI., .METRE. ) );
#2248 = CARTESIAN_POINT ( 'NONE',  ( -0.6511361245076768800, 0.1956587955583268800, -1.301136124507676500 ) ) ;
#2249 = ORIENTED_EDGE ( 'NONE', *, *, #2851, .F. ) ;
#2250 = FILL_AREA_STYLE ('',( #746 ) ) ;
#2251 = ADVANCED_FACE ( 'NONE', ( #2145 ), #2267, .F. ) ;
#2252 = EDGE_CURVE ( 'NONE', #1968, #1134, #209, .T. ) ;
#2253 = CARTESIAN_POINT ( 'NONE',  ( -0.6489320372488209800, 0.1326351822333072000, 1.366180356948169200 ) ) ;
#2254 = CARTESIAN_POINT ( 'NONE',  ( 0.6934249533774988800, 0.9915602775868871400, 1.308583633677790100 ) ) ;
#2255 = CARTESIAN_POINT ( 'NONE',  ( 1.127000000000000000, 0.2500000000000000600, 0.7500000000000000000 ) ) ;
#2256 = EDGE_LOOP ( 'NONE', ( #1171, #2951, #2116, #2502 ) ) ;
#2257 = SURFACE_SIDE_STYLE ('',( #1419 ) ) ;
#2258 = CARTESIAN_POINT ( 'NONE',  ( -0.7308798235622819800, 1.000000000000000000, -0.0000000000000000000 ) ) ;
#2259 = VECTOR ( 'NONE', #3267, 1000.000000000000000 ) ;
#2260 = AXIS2_PLACEMENT_3D ( 'NONE', #274, #320, #1103 ) ;
#2261 = CARTESIAN_POINT ( 'NONE',  ( 1.000000000000000000, 0.2500000000000004400, 0.1999999999999999800 ) ) ;
#2262 = ORIENTED_EDGE ( 'NONE', *, *, #2303, .F. ) ;
#2263 = DIRECTION ( 'NONE',  ( -0.1736481776669258100, 0.9848077530122089100, 0.0000000000000000000 ) ) ;
#2264 = CYLINDRICAL_SURFACE ( 'NONE', #3131, 0.1175782486650656700 ) ;
#2265 = DIRECTION ( 'NONE',  ( -1.000000000000000000, 0.0000000000000000000, 0.0000000000000000000 ) ) ;
#2266 = PLANE ( 'NONE',  #2584 ) ;
#2267 = CYLINDRICAL_SURFACE ( 'NONE', #2797, 0.1175782486650656700 ) ;
#2268 = CARTESIAN_POINT ( 'NONE',  ( -0.7696718089784130300, 0.6080000000000009800, -1.449999999999999500 ) ) ;
#2269 = ORIENTED_EDGE ( 'NONE', *, *, #2692, .T. ) ;
#2270 = FACE_OUTER_BOUND ( 'NONE', #304, .T. ) ;
#2271 = EDGE_CURVE ( 'NONE', #275, #341, #1593, .T. ) ;
#2272 = VERTEX_POINT ( 'NONE', #856 ) ;
#2273 = CARTESIAN_POINT ( 'NONE',  ( 0.6489320372488208700, 0.1326351822333071400, -1.366180356948169200 ) ) ;
#2274 = EDGE_CURVE ( 'NONE', #2157, #2367, #3228, .T. ) ;
#2275 = CIRCLE ( 'NONE', #715, 0.1175782486650656700 ) ;
#2276 = ORIENTED_EDGE ( 'NONE', *, *, #1704, .F. ) ;
#2277 = PLANE ( 'NONE',  #1148 ) ;
#2278 = CARTESIAN_POINT ( 'NONE',  ( -0.8000000000000001600, 0.6079999999999931000, 1.149999999999999900 ) ) ;
#2279 = LINE ( 'NONE', #2796, #2329 ) ;
#2280 = ORIENTED_EDGE ( 'NONE', *, *, #2018, .T. ) ;
#2281 = DIRECTION ( 'NONE',  ( -0.0000000000000000000, -1.000000000000000000, -0.0000000000000000000 ) ) ;
#2282 =( LENGTH_UNIT ( ) NAMED_UNIT ( * ) SI_UNIT ( .MILLI., .METRE. ) );
#2283 = APPLICATION_PROTOCOL_DEFINITION ( 'draft international standard', 'automotive_design', 1998, #3313 ) ;
#2284 = ADVANCED_FACE ( 'NONE', ( #1829 ), #2133, .F. ) ;
#2285 = CYLINDRICAL_SURFACE ( 'NONE', #2459, 0.1000000000000000500 ) ;
#2286 = EDGE_LOOP ( 'NONE', ( #1140, #2011, #455, #1111 ) ) ;
#2287 = CARTESIAN_POINT ( 'NONE',  ( 1.399999999999999900, 0.1269226350314252800, -1.149999999999999900 ) ) ;
#2288 = CIRCLE ( 'NONE', #1386, 0.1375000000000000400 ) ;
#2289 = CARTESIAN_POINT ( 'NONE',  ( -0.6265159306823716600, 0.1000000000000000500, 1.276515930682371500 ) ) ;
#2290 = ORIENTED_EDGE ( 'NONE', *, *, #1977, .T. ) ;
#2291 = CARTESIAN_POINT ( 'NONE',  ( 0.6915793418514734100, 0.1164452457843650300, 1.341579341851474500 ) ) ;
#2292 = PRESENTATION_LAYER_ASSIGNMENT (  '', '', ( #2688 ) ) ;
#2293 = DIRECTION ( 'NONE',  ( 1.000000000000000000, 0.0000000000000000000, 0.0000000000000000000 ) ) ;
#2294 = ORIENTED_EDGE ( 'NONE', *, *, #449, .F. ) ;
#2295 = CARTESIAN_POINT ( 'NONE',  ( -0.8824217513349343900, 0.6079999999999931000, -0.7500000000000000000 ) ) ;
#2296 = EDGE_CURVE ( 'NONE', #2302, #2415, #2868, .T. ) ;
#2297 = ORIENTED_EDGE ( 'NONE', *, *, #2469, .T. ) ;
#2298 = CARTESIAN_POINT ( 'NONE',  ( 0.7172759058457420800, 0.1388483487786151500, -1.293415324369827000 ) ) ;
#2299 = CARTESIAN_POINT ( 'NONE',  ( -0.6729710236153184600, 0.1084397224131139900, 1.288129703915608300 ) ) ;
#2300 = CARTESIAN_POINT ( 'NONE',  ( 0.6614319236592826100, 1.000000262244451300, -1.311431923659284600 ) ) ;
#2301 = CARTESIAN_POINT ( 'NONE',  ( -0.7249967059835924500, 0.1826351822333073200, -1.301136124507676500 ) ) ;
#2302 = VERTEX_POINT ( 'NONE', #967 ) ;
#2303 = EDGE_CURVE ( 'NONE', #742, #2765, #649, .T. ) ;
#2304 = CARTESIAN_POINT ( 'NONE',  ( 0.6511361245076765500, 0.1826351822333073200, -1.374996705983592100 ) ) ;
#2305 = ADVANCED_FACE ( 'NONE', ( #2701 ), #2434, .T. ) ;
#2306 = ORIENTED_EDGE ( 'NONE', *, *, #1977, .F. ) ;
#2307 = CARTESIAN_POINT ( 'NONE',  ( -0.4250000000000001600, 1.000000000000000000, -0.9375000000000000000 ) ) ;
#2308 = AXIS2_PLACEMENT_3D ( 'NONE', #505, #2338, #760 ) ;
#2309 = DIRECTION ( 'NONE',  ( -1.000000000000000000, 0.0000000000000000000, 0.0000000000000000000 ) ) ;
#2310 = LINE ( 'NONE', #1890, #899 ) ;
#2311 = EDGE_LOOP ( 'NONE', ( #1928, #2603, #2980, #1388 ) ) ;
#2312 = PRODUCT_DEFINITION ( 'UNKNOWN', '', #3043, #3343 ) ;
#2313 = VECTOR ( 'NONE', #2687, 1000.000000000000000 ) ;
#2314 = DIRECTION ( 'NONE',  ( 1.000000000000000000, -0.0000000000000000000, -0.0000000000000000000 ) ) ;
#2315 = VECTOR ( 'NONE', #1569, 1000.000000000000000 ) ;
#2316 = CARTESIAN_POINT ( 'NONE',  ( -0.6511361245076767700, 0.1826351822333073200, -1.374996705983592100 ) ) ;
#2317 = MANIFOLD_SOLID_BREP ( 'Housing', #2858 ) ;
#2318 = DIRECTION ( 'NONE',  ( 0.0000000000000000000, 0.0000000000000000000, 1.000000000000000000 ) ) ;
#2319 = DIRECTION ( 'NONE',  ( 1.000000000000000000, 0.0000000000000000000, -0.0000000000000000000 ) ) ;
#2320 = EDGE_CURVE ( 'NONE', #605, #1334, #286, .T. ) ;
#2321 = LINE ( 'NONE', #3173, #503 ) ;
#2322 = CARTESIAN_POINT ( 'NONE',  ( 1.000000000000000000, 0.2500000000000004400, 1.149999999999999900 ) ) ;
#2323 = VECTOR ( 'NONE', #1290, 1000.000000000000000 ) ;
#2324 = ADVANCED_FACE ( 'NONE', ( #1073 ), #1481, .T. ) ;
#2325 = CARTESIAN_POINT ( 'NONE',  ( -0.6265159306823716600, 0.1000000000000000300, 1.276515930682371500 ) ) ;
#2326 = ORIENTED_EDGE ( 'NONE', *, *, #589, .T. ) ;
#2327 = EDGE_CURVE ( 'NONE', #1271, #307, #1951, .T. ) ;
#2328 = CARTESIAN_POINT ( 'NONE',  ( 1.126999999999999800, 0.4904217513349277700, -1.149999999999999900 ) ) ;
#2329 = VECTOR ( 'NONE', #1340, 1000.000000000000000 ) ;
#2330 = ORIENTED_EDGE ( 'NONE', *, *, #1104, .T. ) ;
#2331 =( NAMED_UNIT ( * ) PLANE_ANGLE_UNIT ( ) SI_UNIT ( $, .RADIAN. ) );
#2332 = CARTESIAN_POINT ( 'NONE',  ( -0.6392087633309435600, 0.1000000000000000200, -1.327287261276658900 ) ) ;
#2333 = EDGE_LOOP ( 'NONE', ( #2846, #1092, #2068, #1403 ) ) ;
#2334 = ADVANCED_FACE ( 'NONE', ( #3192 ), #2209, .F. ) ;
#2335 = VECTOR ( 'NONE', #1911, 1000.000000000000200 ) ;
#2336 = ORIENTED_EDGE ( 'NONE', *, *, #474, .T. ) ;
#2337 = AXIS2_PLACEMENT_3D ( 'NONE', #1437, #643, #1168 ) ;
#2338 = DIRECTION ( 'NONE',  ( -0.1710878697460324100, -0.9702875252478151400, 0.1710878697460319100 ) ) ;
#2339 = VECTOR ( 'NONE', #3110, 1000.000000000000000 ) ;
#2340 = CARTESIAN_POINT ( 'NONE',  ( 0.7161803569481692800, 0.1326351822333071100, -1.298932037248821100 ) ) ;
#2341 = VERTEX_POINT ( 'NONE', #2493 ) ;
#2342 =( NAMED_UNIT ( * ) PLANE_ANGLE_UNIT ( ) SI_UNIT ( $, .RADIAN. ) );
#2343 = ADVANCED_FACE ( 'NONE', ( #1789 ), #1280, .T. ) ;
#2344 = ORIENTED_EDGE ( 'NONE', *, *, #2676, .T. ) ;
#2345 = EDGE_CURVE ( 'NONE', #1925, #2445, #2354, .T. ) ;
#2346 = DIRECTION ( 'NONE',  ( -1.000000000000000000, 0.0000000000000000000, 0.0000000000000000000 ) ) ;
#2347 = ORIENTED_EDGE ( 'NONE', *, *, #2018, .F. ) ;
#2348 = DIRECTION ( 'NONE',  ( 9.019168743805730500E-016, 1.000000000000000000, 0.0000000000000000000 ) ) ;
#2349 = CARTESIAN_POINT ( 'NONE',  ( -0.6470415379334619700, 0.1383513889630894100, -1.358618359686731200 ) ) ;
#2350 = CIRCLE ( 'NONE', #1294, 0.1375000000000000400 ) ;
#2351 = LINE ( 'NONE', #62, #1589 ) ;
#2352 = LINE ( 'NONE', #3249, #903 ) ;
#2353 = AXIS2_PLACEMENT_3D ( 'NONE', #1383, #382, #1174 ) ;
#2354 = LINE ( 'NONE', #1997, #1659 ) ;
#2355 = ORIENTED_EDGE ( 'NONE', *, *, #1595, .F. ) ;
#2356 = DIRECTION ( 'NONE',  ( 1.000000000000000000, -1.315432097626352800E-015, -0.0000000000000000000 ) ) ;
#2357 = PLANE ( 'NONE',  #1478 ) ;
#2358 = CARTESIAN_POINT ( 'NONE',  ( -0.6265159306823716600, 0.1000000000000000500, 0.0000000000000000000 ) ) ;
#2359 = LINE ( 'NONE', #754, #3153 ) ;
#2360 =( LENGTH_UNIT ( ) NAMED_UNIT ( * ) SI_UNIT ( .MILLI., .METRE. ) );
#2361 = ORIENTED_EDGE ( 'NONE', *, *, #3075, .F. ) ;
#2362 = AXIS2_PLACEMENT_3D ( 'NONE', #1667, #2456, #1418 ) ;
#2363 = CARTESIAN_POINT ( 'NONE',  ( -0.4250000000000001600, 0.9499999999999999600, -1.212500000000000100 ) ) ;
#2364 = VECTOR ( 'NONE', #1946, 1000.000000000000000 ) ;
#2365 = VERTEX_POINT ( 'NONE', #3230 ) ;
#2366 = DIRECTION ( 'NONE',  ( 0.0000000000000000000, 0.1736481776669280000, 0.9848077530122084600 ) ) ;
#2367 = VERTEX_POINT ( 'NONE', #978 ) ;
#2368 = EDGE_CURVE ( 'NONE', #1568, #2771, #3033, .T. ) ;
#2369 = DIRECTION ( 'NONE',  ( 0.9993908270190958700, 0.03489949670249473100, 0.0000000000000000000 ) ) ;
#2370 = AXIS2_PLACEMENT_3D ( 'NONE', #2237, #3282, #2348 ) ;
#2371 = LINE ( 'NONE', #2974, #1010 ) ;
#2372 = CARTESIAN_POINT ( 'NONE',  ( 0.6323434104115734900, 0.1000000000000000300, -1.299825849599174800 ) ) ;
#2373 = DIRECTION ( 'NONE',  ( 1.000000000000000000, 0.0000000000000000000, 0.0000000000000000000 ) ) ;
#2374 = CARTESIAN_POINT ( 'NONE',  ( 0.7366342867103512500, 0.9673648177666928100, -1.319385967011003300 ) ) ;
#2375 = CYLINDRICAL_SURFACE ( 'NONE', #1213, 0.2445782486650656100 ) ;
#2376 = PLANE ( 'NONE',  #2609 ) ;
#2377 = EDGE_LOOP ( 'NONE', ( #848, #1051, #448, #2655, #2290, #1281, #1766, #1863, #2336, #2409, #3218, #2569 ) ) ;
#2378 =( BOUNDED_CURVE ( )  B_SPLINE_CURVE ( 3, ( #3320, #2332, #2581, #2316 ),
 .UNSPECIFIED., .F., .T. ) 
 B_SPLINE_CURVE_WITH_KNOTS ( ( 4, 4 ),
 ( 1.570796326794896600, 2.967059728390363500 ),
 .UNSPECIFIED. ) 
 CURVE ( )  GEOMETRIC_REPRESENTATION_ITEM ( )  RATIONAL_B_SPLINE_CURVE ( ( 1.000000000000000000, 0.8440296287459846400, 0.8440296287459846400, 1.000000000000000000 ) ) 
 REPRESENTATION_ITEM ( '' )  );
#2379 = VERTEX_POINT ( 'NONE', #2481 ) ;
#2380 = EDGE_CURVE ( 'NONE', #709, #1382, #26, .T. ) ;
#2381 = DIRECTION ( 'NONE',  ( -0.1710878697460324100, -0.9702875252478151400, 0.1710878697460324100 ) ) ;
#2382 = EDGE_CURVE ( 'NONE', #1334, #398, #933, .T. ) ;
#2383 = DIRECTION ( 'NONE',  ( -0.1710878697460326000, 0.9702875252478149200, -0.1710878697460326000 ) ) ;
#2384 = DIRECTION ( 'NONE',  ( -0.0000000000000000000, -0.0000000000000000000, -1.000000000000000000 ) ) ;
#2385 = EDGE_CURVE ( 'NONE', #797, #913, #1514, .T. ) ;
#2386 = CIRCLE ( 'NONE', #1352, 0.1175782486650656700 ) ;
#2387 = DIRECTION ( 'NONE',  ( -0.1736481776669258100, 0.9848077530122089100, 0.0000000000000000000 ) ) ;
#2388 = VECTOR ( 'NONE', #672, 1000.000000000000000 ) ;
#2389 = ORIENTED_EDGE ( 'NONE', *, *, #2904, .F. ) ;
#2390 = DIRECTION ( 'NONE',  ( -0.0000000000000000000, -0.0000000000000000000, -1.000000000000000000 ) ) ;
#2391 = CARTESIAN_POINT ( 'NONE',  ( 1.127000000000000000, 0.2500000000000000600, -1.149999999999999900 ) ) ;
#2392 = DIRECTION ( 'NONE',  ( 0.9993908270190958700, -0.03489949670249473800, -0.0000000000000000000 ) ) ;
#2393 = VECTOR ( 'NONE', #1053, 1000.000000000000000 ) ;
#2394 = ORIENTED_EDGE ( 'NONE', *, *, #1624, .F. ) ;
#2395 = AXIS2_PLACEMENT_3D ( 'NONE', #2691, #2438, #645 ) ;
#2396 = CARTESIAN_POINT ( 'NONE',  ( -1.395567763918783100, -2.563694073882670400E-016, -1.149999999999999900 ) ) ;
#2397 = VECTOR ( 'NONE', #2212, 1000.000000000000000 ) ;
#2398 = VERTEX_POINT ( 'NONE', #468 ) ;
#2399 = DIRECTION ( 'NONE',  ( 0.9848077530122084600, 0.1736481776669280000, 0.0000000000000000000 ) ) ;
#2400 = DIRECTION ( 'NONE',  ( 0.0000000000000000000, 0.0000000000000000000, 1.000000000000000000 ) ) ;
#2401 = LINE ( 'NONE', #2069, #703 ) ;
#2402 = EDGE_LOOP ( 'NONE', ( #1504, #2633, #1603, #479 ) ) ;
#2403 = DIRECTION ( 'NONE',  ( 0.0000000000000000000, 1.000000000000000000, 0.0000000000000000000 ) ) ;
#2404 = CARTESIAN_POINT ( 'NONE',  ( 0.7999999999999999300, 0.6079999999999934300, 1.149999999999999900 ) ) ;
#2405 = ORIENTED_EDGE ( 'NONE', *, *, #2058, .T. ) ;
#2406 = PRESENTATION_LAYER_ASSIGNMENT (  '', '', ( #2634 ) ) ;
#2407 = CARTESIAN_POINT ( 'NONE',  ( 1.000000000000000200, 0.4904217513349276600, 1.149999999999999900 ) ) ;
#2408 = VECTOR ( 'NONE', #6, 1000.000000000000000 ) ;
#2409 = ORIENTED_EDGE ( 'NONE', *, *, #1993, .T. ) ;
#2410 = MECHANICAL_DESIGN_GEOMETRIC_PRESENTATION_REPRESENTATION (  '', ( #1957 ), #55 ) ;
#2411 = DIRECTION ( 'NONE',  ( -0.1710878697460324100, -0.9702875252478151400, 0.1710878697460323800 ) ) ;
#2412 = ORIENTED_EDGE ( 'NONE', *, *, #1875, .T. ) ;
#2413 = DIRECTION ( 'NONE',  ( 0.03489949670249463400, -0.9993908270190958700, 0.0000000000000000000 ) ) ;
#2414 = CARTESIAN_POINT ( 'NONE',  ( -0.6568593770934227900, 0.1015048278527869700, -1.306859377093423800 ) ) ;
#2415 = VERTEX_POINT ( 'NONE', #1021 ) ;
#2416 = VERTEX_POINT ( 'NONE', #3068 ) ;
#2417 = DIRECTION ( 'NONE',  ( 0.0000000000000000000, 0.0000000000000000000, 1.000000000000000000 ) ) ;
#2418 = AXIS2_PLACEMENT_3D ( 'NONE', #3195, #1652, #603 ) ;
#2419 = ORIENTED_EDGE ( 'NONE', *, *, #2623, .T. ) ;
#2420 =( NAMED_UNIT ( * ) PLANE_ANGLE_UNIT ( ) SI_UNIT ( $, .RADIAN. ) );
#2421 = DIRECTION ( 'NONE',  ( 1.315432097626353200E-015, 1.000000000000000000, -0.0000000000000000000 ) ) ;
#2422 = EDGE_LOOP ( 'NONE', ( #1166, #882, #555, #1120 ) ) ;
#2423 = AXIS2_PLACEMENT_3D ( 'NONE', #1892, #2665, #2169 ) ;
#2424 = ORIENTED_EDGE ( 'NONE', *, *, #282, .T. ) ;
#2425 = CARTESIAN_POINT ( 'NONE',  ( -0.6381297039156084100, 0.1084397224131148600, -1.322971023615318900 ) ) ;
#2426 = EDGE_CURVE ( 'NONE', #179, #1271, #120, .T. ) ;
#2427 = DIRECTION ( 'NONE',  ( -9.019168743805730500E-016, -1.000000000000000000, -0.0000000000000000000 ) ) ;
#2428 = FACE_OUTER_BOUND ( 'NONE', #144, .T. ) ;
#2429 = CARTESIAN_POINT ( 'NONE',  ( 0.7776064734500255400, 0.7349999999999932100, 0.1999999999999999800 ) ) ;
#2430 = EDGE_CURVE ( 'NONE', #730, #2726, #53, .T. ) ;
#2431 = EDGE_LOOP ( 'NONE', ( #1416, #3122, #2419, #1681 ) ) ;
#2432 = DIRECTION ( 'NONE',  ( -0.9993908270190958700, -0.03489949670249473800, 0.0000000000000000000 ) ) ;
#2433 = LINE ( 'NONE', #1199, #1511 ) ;
#2434 = CYLINDRICAL_SURFACE ( 'NONE', #1087, 0.1000000000000000500 ) ;
#2435 = EDGE_LOOP ( 'NONE', ( #2532, #706, #222, #2672 ) ) ;
#2436 = AXIS2_PLACEMENT_3D ( 'NONE', #1414, #369, #597 ) ;
#2437 = CARTESIAN_POINT ( 'NONE',  ( -1.399999999999999900, 0.1269226350314249200, 0.7500000000000000000 ) ) ;
#2438 = DIRECTION ( 'NONE',  ( 0.0000000000000000000, 1.000000000000000000, 0.0000000000000000000 ) ) ;
#2439 = VECTOR ( 'NONE', #838, 1000.000000000000200 ) ;
#2440 = ORIENTED_EDGE ( 'NONE', *, *, #14, .F. ) ;
#2441 = CARTESIAN_POINT ( 'NONE',  ( -0.4250000000000001600, 0.9499999999999999600, -1.212500000000000100 ) ) ;
#2442 = LINE ( 'NONE', #2210, #2364 ) ;
#2443 = ORIENTED_EDGE ( 'NONE', *, *, #546, .F. ) ;
#2444 = CARTESIAN_POINT ( 'NONE',  ( 0.7776064734500255400, 0.7349999999999932100, 1.149999999999999900 ) ) ;
#2445 = VERTEX_POINT ( 'NONE', #3309 ) ;
#2446 = CARTESIAN_POINT ( 'NONE',  ( 0.0000000000000000000, 0.9000000000000000200, -1.296969860444553400 ) ) ;
#2447 = CIRCLE ( 'NONE', #2113, 0.2445782486650656100 ) ;
#2448 = ORIENTED_EDGE ( 'NONE', *, *, #696, .T. ) ;
#2449 = FACE_OUTER_BOUND ( 'NONE', #2151, .T. ) ;
#2450 = DIRECTION ( 'NONE',  ( 0.0000000000000000000, 0.0000000000000000000, 1.000000000000000000 ) ) ;
#2451 = ORIENTED_EDGE ( 'NONE', *, *, #2697, .F. ) ;
#2452 = PLANE ( 'NONE',  #1984 ) ;
#2453 = ORIENTED_EDGE ( 'NONE', *, *, #2517, .F. ) ;
#2454 = ADVANCED_FACE ( 'NONE', ( #1429 ), #2052, .F. ) ;
#2455 = ADVANCED_FACE ( 'NONE', ( #1190 ), #2019, .F. ) ;
#2456 = DIRECTION ( 'NONE',  ( -0.1710878697460324100, 0.9702875252478151400, -0.1710878697460324100 ) ) ;
#2457 = DIRECTION ( 'NONE',  ( -0.0000000000000000000, -0.0000000000000000000, -1.000000000000000000 ) ) ;
#2458 = DIRECTION ( 'NONE',  ( -1.000000000000000000, 0.0000000000000000000, 0.0000000000000000000 ) ) ;
#2459 = AXIS2_PLACEMENT_3D ( 'NONE', #2446, #911, #2190 ) ;
#2460 = ORIENTED_EDGE ( 'NONE', *, *, #1757, .T. ) ;
#2461 = DIRECTION ( 'NONE',  ( 0.9993908270190958700, -0.03489949670249439800, 0.0000000000000000000 ) ) ;
#2462 = DIRECTION ( 'NONE',  ( -1.000000000000000000, 0.0000000000000000000, 0.0000000000000000000 ) ) ;
#2463 = CARTESIAN_POINT ( 'NONE',  ( -0.7776064734500255400, 0.7349999999999929900, 1.149999999999999900 ) ) ;
#2464 = VECTOR ( 'NONE', #769, 1000.000000000000000 ) ;
#2465 = CARTESIAN_POINT ( 'NONE',  ( 0.6469698604445534000, 1.000000000000000000, -1.296969860444553400 ) ) ;
#2466 = CIRCLE ( 'NONE', #2168, 0.1375000000000000400 ) ;
#2467 = CARTESIAN_POINT ( 'NONE',  ( -0.6511361245076767700, 0.1826351822333073200, 1.374996705983592100 ) ) ;
#2468 = CARTESIAN_POINT ( 'NONE',  ( -1.126999999999999800, 0.4904217513349274400, 1.149999999999999900 ) ) ;
#2469 = EDGE_CURVE ( 'NONE', #1375, #1460, #331, .T. ) ;
#2470 = CARTESIAN_POINT ( 'NONE',  ( -1.240474826963494000, 0.1324933768271628900, -0.7500000000000000000 ) ) ;
#2471 = LINE ( 'NONE', #767, #2742 ) ;
#2472 = DIRECTION ( 'NONE',  ( -0.0000000000000000000, -0.0000000000000000000, -1.000000000000000000 ) ) ;
#2473 = ORIENTED_EDGE ( 'NONE', *, *, #1799, .F. ) ;
#2474 = ADVANCED_FACE ( 'NONE', ( #371 ), #1696, .T. ) ;
#2475 = CARTESIAN_POINT ( 'NONE',  ( 0.7999999999999974900, 0.6080000000000013200, 1.419671808978413100 ) ) ;
#2476 = CIRCLE ( 'NONE', #1452, 0.2445782486650656100 ) ;
#2477 = CARTESIAN_POINT ( 'NONE',  ( -0.8824217513349343900, 0.4904217513349274400, -1.149999999999999900 ) ) ;
#2478 =( BOUNDED_CURVE ( )  B_SPLINE_CURVE ( 3, ( #1411, #3194, #2175, #3040 ),
 .UNSPECIFIED., .F., .F. ) 
 B_SPLINE_CURVE_WITH_KNOTS ( ( 4, 4 ),
 ( 3.316125578789221900, 4.712388980384689700 ),
 .UNSPECIFIED. ) 
 CURVE ( )  GEOMETRIC_REPRESENTATION_ITEM ( )  RATIONAL_B_SPLINE_CURVE ( ( 1.000000000000000000, 0.8440296287459843100, 0.8440296287459843100, 1.000000000000000000 ) ) 
 REPRESENTATION_ITEM ( '' )  );
#2479 = LINE ( 'NONE', #444, #1367 ) ;
#2480 = VERTEX_POINT ( 'NONE', #495 ) ;
#2481 = CARTESIAN_POINT ( 'NONE',  ( -0.8824217513349343900, 0.6079999999999932100, 0.7500000000000000000 ) ) ;
#2482 = DIRECTION ( 'NONE',  ( -0.0000000000000000000, -0.0000000000000000000, -1.000000000000000000 ) ) ;
#2483 = LINE ( 'NONE', #2429, #1800 ) ;
#2484 = ORIENTED_EDGE ( 'NONE', *, *, #1018, .F. ) ;
#2485 = PLANE ( 'NONE',  #818 ) ;
#2486 = ORIENTED_EDGE ( 'NONE', *, *, #2138, .F. ) ;
#2487 = EDGE_CURVE ( 'NONE', #475, #3012, #2466, .T. ) ;
#2488 = CARTESIAN_POINT ( 'NONE',  ( 1.236042590882277600, 0.005570741795738105300, -0.7500000000000000000 ) ) ;
#2489 = FACE_OUTER_BOUND ( 'NONE', #930, .T. ) ;
#2490 = ORIENTED_EDGE ( 'NONE', *, *, #2426, .T. ) ;
#2491 = EDGE_CURVE ( 'NONE', #2029, #475, #2548, .T. ) ;
#2492 = LINE ( 'NONE', #265, #1133 ) ;
#2493 = CARTESIAN_POINT ( 'NONE',  ( -1.399999999999999900, 0.1269226350314249200, 1.149999999999999900 ) ) ;
#2494 = CARTESIAN_POINT ( 'NONE',  ( -0.8824217513349343900, 0.7349999999999931000, 1.149999999999999900 ) ) ;
#2495 = ORIENTED_EDGE ( 'NONE', *, *, #1508, .T. ) ;
#2496 = ORIENTED_EDGE ( 'NONE', *, *, #2720, .T. ) ;
#2497 = DIRECTION ( 'NONE',  ( -0.0000000000000000000, -0.0000000000000000000, -1.000000000000000000 ) ) ;
#2498 = ORIENTED_EDGE ( 'NONE', *, *, #131, .T. ) ;
#2499 = FILL_AREA_STYLE ('',( #1245 ) ) ;
#2500 = AXIS2_PLACEMENT_3D ( 'NONE', #3052, #432, #2235 ) ;
#2501 = DIRECTION ( 'NONE',  ( 0.03489949670249122000, 0.9993908270190959800, -0.0000000000000000000 ) ) ;
#2502 = ORIENTED_EDGE ( 'NONE', *, *, #1162, .F. ) ;
#2503 =( NAMED_UNIT ( * ) PLANE_ANGLE_UNIT ( ) SI_UNIT ( $, .RADIAN. ) );
#2504 = CARTESIAN_POINT ( 'NONE',  ( 0.6585836336777898300, 0.9915602775868871400, 1.343424953377498900 ) ) ;
#2505 = ORIENTED_EDGE ( 'NONE', *, *, #1159, .F. ) ;
#2506 = CARTESIAN_POINT ( 'NONE',  ( 0.6814677012963325000, 0.3546541022351532600, 1.405328282772248200 ) ) ;
#2507 = FACE_OUTER_BOUND ( 'NONE', #676, .T. ) ;
#2508 = DIRECTION ( 'NONE',  ( 0.0000000000000000000, 0.1736481776669271100, -0.9848077530122086900 ) ) ;
#2509 = ORIENTED_EDGE ( 'NONE', *, *, #2079, .T. ) ;
#2510 = LINE ( 'NONE', #927, #2313 ) ;
#2511 = DIRECTION ( 'NONE',  ( 0.1710878697460324100, 0.9702875252478151400, 0.1710878697460323800 ) ) ;
#2512 = EDGE_CURVE ( 'NONE', #542, #2230, #2666, .T. ) ;
#2513 = VECTOR ( 'NONE', #168, 1000.000000000000000 ) ;
#2514 = ORIENTED_EDGE ( 'NONE', *, *, #1998, .F. ) ;
#2515 = CARTESIAN_POINT ( 'NONE',  ( -0.7261394185240818100, 0.6079999999999931000, 1.450000000000000000 ) ) ;
#2516 = FILL_AREA_STYLE_COLOUR ( '', #492 ) ;
#2517 = EDGE_CURVE ( 'NONE', #2898, #430, #611, .T. ) ;
#2518 = LINE ( 'NONE', #1690, #2397 ) ;
#2519 = ORIENTED_EDGE ( 'NONE', *, *, #992, .T. ) ;
#2520 = DIRECTION ( 'NONE',  ( -0.0000000000000000000, -0.0000000000000000000, -1.000000000000000000 ) ) ;
#2521 = DIRECTION ( 'NONE',  ( 1.000000000000000000, -9.019168743805712700E-016, 0.0000000000000000000 ) ) ;
#2522 = EDGE_LOOP ( 'NONE', ( #2496, #78, #2361, #1179 ) ) ;
#2523 = MANIFOLD_SOLID_BREP ( 'Pin 1 Mark', #1130 ) ;
#2524 = AXIS2_PLACEMENT_3D ( 'NONE', #237, #2022, #1735 ) ;
#2525 = CYLINDRICAL_SURFACE ( 'NONE', #2621, 0.1175782486650656700 ) ;
#2526 = CARTESIAN_POINT ( 'NONE',  ( 0.7776064734500255400, 0.7349999999999932100, -0.1999999999999999800 ) ) ;
#2527 = EDGE_LOOP ( 'NONE', ( #133, #2933, #3341, #1394 ) ) ;
#2528 = LINE ( 'NONE', #1748, #1372 ) ;
#2529 = ORIENTED_EDGE ( 'NONE', *, *, #2789, .F. ) ;
#2530 = DIRECTION ( 'NONE',  ( -0.1710878697460323800, -0.9702875252478151400, -0.1710878697460324100 ) ) ;
#2531 = CARTESIAN_POINT ( 'NONE',  ( 0.6469698604445534000, 1.000000000000000000, 1.296969860444553400 ) ) ;
#2532 = ORIENTED_EDGE ( 'NONE', *, *, #1613, .T. ) ;
#2533 = DIRECTION ( 'NONE',  ( 1.000000000000000000, 0.0000000000000000000, 0.0000000000000000000 ) ) ;
#2534 = LINE ( 'NONE', #1377, #1170 ) ;
#2535 = DIRECTION ( 'NONE',  ( 1.000000000000000000, 0.0000000000000000000, 0.0000000000000000000 ) ) ;
#2536 = CARTESIAN_POINT ( 'NONE',  ( -0.6470415379334619700, 0.1383513889630894100, 1.358618359686731200 ) ) ;
#2537 = ORIENTED_EDGE ( 'NONE', *, *, #2252, .T. ) ;
#2538 = AXIS2_PLACEMENT_3D ( 'NONE', #2200, #2736, #2461 ) ;
#2539 = CARTESIAN_POINT ( 'NONE',  ( -0.7290722894489150000, 0.9616486110369094600, 1.317495467695643400 ) ) ;
#2540 = EDGE_CURVE ( 'NONE', #1964, #941, #122, .T. ) ;
#2541 = DIRECTION ( 'NONE',  ( 0.9848077530122089100, 0.1736481776669258100, -0.0000000000000000000 ) ) ;
#2542 = VERTEX_POINT ( 'NONE', #242 ) ;
#2543 = DIRECTION ( 'NONE',  ( 9.019168743805712700E-016, 1.000000000000000000, 0.0000000000000000000 ) ) ;
#2544 = EDGE_LOOP ( 'NONE', ( #1850, #704, #1597, #1001 ) ) ;
#2545 = CARTESIAN_POINT ( 'NONE',  ( -0.7366342867103516900, 0.9673648177666928100, -1.319385967011003300 ) ) ;
#2546 = CYLINDRICAL_SURFACE ( 'NONE', #2840, 0.1175782486650656700 ) ;
#2547 = CARTESIAN_POINT ( 'NONE',  ( 0.6568593770934226800, 0.1015048278527869400, 1.306859377093422700 ) ) ;
#2548 = LINE ( 'NONE', #3080, #19 ) ;
#2549 = ORIENTED_EDGE ( 'NONE', *, *, #815, .F. ) ;
#2550 = EDGE_CURVE ( 'NONE', #1760, #1839, #2781, .T. ) ;
#2551 = PLANE ( 'NONE',  #2128 ) ;
#2552 = VECTOR ( 'NONE', #675, 1000.000000000000000 ) ;
#2553 = ORIENTED_EDGE ( 'NONE', *, *, #3290, .F. ) ;
#2554 = CARTESIAN_POINT ( 'NONE',  ( 0.7999999999999999300, 0.6079999999999934300, -0.7500000000000000000 ) ) ;
#2555 = ADVANCED_FACE ( 'NONE', ( #1656 ), #1127, .T. ) ;
#2556 = CARTESIAN_POINT ( 'NONE',  ( 1.000000000000000000, 0.2500000000000004400, -0.7500000000000000000 ) ) ;
#2557 = EDGE_CURVE ( 'NONE', #1839, #193, #2351, .T. ) ;
#2558 = DIRECTION ( 'NONE',  ( 1.000000000000000000, 0.0000000000000000000, 0.0000000000000000000 ) ) ;
#2559 = FACE_OUTER_BOUND ( 'NONE', #1707, .T. ) ;
#2560 = CARTESIAN_POINT ( 'NONE',  ( 0.7999999999999999300, 0.6079999999999934300, 0.1999999999999999800 ) ) ;
#2561 = CARTESIAN_POINT ( 'NONE',  ( 0.6265159306823714400, 0.1000000000000000500, 1.276515930682371500 ) ) ;
#2562 = ORIENTED_EDGE ( 'NONE', *, *, #2327, .F. ) ;
#2563 =( BOUNDED_CURVE ( )  B_SPLINE_CURVE ( 3, ( #1575, #1807, #1049, #536 ),
 .UNSPECIFIED., .F., .T. ) 
 B_SPLINE_CURVE_WITH_KNOTS ( ( 4, 4 ),
 ( 5.512866274278597000, 7.053504340080571900 ),
 .UNSPECIFIED. ) 
 CURVE ( )  GEOMETRIC_REPRESENTATION_ITEM ( )  RATIONAL_B_SPLINE_CURVE ( ( 1.000000000000000000, 0.8117923620232421200, 0.8117923620232421200, 1.000000000000000000 ) ) 
 REPRESENTATION_ITEM ( '' )  );
#2564 = DIRECTION ( 'NONE',  ( -0.9993908270190961000, 0.03489949670249122700, 0.0000000000000000000 ) ) ;
#2565 = LINE ( 'NONE', #2668, #878 ) ;
#2566 = ORIENTED_EDGE ( 'NONE', *, *, #2099, .F. ) ;
#2567 = CARTESIAN_POINT ( 'NONE',  ( 0.8824217513349343900, 0.7349999999999929900, 0.1999999999999999800 ) ) ;
#2568 = CARTESIAN_POINT ( 'NONE',  ( 0.8824217513349346100, 0.4904217513349276600, 1.149999999999999900 ) ) ;
#2569 = ORIENTED_EDGE ( 'NONE', *, *, #75, .T. ) ;
#2570 = FACE_OUTER_BOUND ( 'NONE', #3065, .T. ) ;
#2571 = EDGE_LOOP ( 'NONE', ( #61, #123, #377, #2894 ) ) ;
#2572 = ADVANCED_FACE ( 'NONE', ( #2589 ), #1617, .T. ) ;
#2573 = CARTESIAN_POINT ( 'NONE',  ( 0.8824217513349346100, 0.4904217513349276600, -0.7500000000000000000 ) ) ;
#2574 = ORIENTED_EDGE ( 'NONE', *, *, #2540, .F. ) ;
#2575 = EDGE_LOOP ( 'NONE', ( #277, #2038, #1615, #3262 ) ) ;
#2576 = CARTESIAN_POINT ( 'NONE',  ( -1.127000000000000000, 0.2499999999999997800, -0.7500000000000000000 ) ) ;
#2577 = ORIENTED_EDGE ( 'NONE', *, *, #1462, .T. ) ;
#2578 = CARTESIAN_POINT ( 'NONE',  ( 1.395567763918783600, 8.544611162700630100E-017, 1.149999999999999900 ) ) ;
#2579 = EDGE_CURVE ( 'NONE', #109, #461, #2310, .T. ) ;
#2580 = ORIENTED_EDGE ( 'NONE', *, *, #2274, .F. ) ;
#2581 = CARTESIAN_POINT ( 'NONE',  ( -0.6489320372488209800, 0.1326351822333071400, -1.366180356948169200 ) ) ;
#2582 = ORIENTED_EDGE ( 'NONE', *, *, #2987, .T. ) ;
#2583 = CARTESIAN_POINT ( 'NONE',  ( 0.8824217513349343900, 0.6079999999999933200, 0.7500000000000000000 ) ) ;
#2584 = AXIS2_PLACEMENT_3D ( 'NONE', #713, #227, #2543 ) ;
#2585 = ORIENTED_EDGE ( 'NONE', *, *, #2757, .T. ) ;
#2586 = VECTOR ( 'NONE', #999, 1000.000000000000000 ) ;
#2587 = CARTESIAN_POINT ( 'NONE',  ( 1.240474826963494000, 0.1324933768271632200, 0.1999999999999999800 ) ) ;
#2588 = CARTESIAN_POINT ( 'NONE',  ( 1.399999999999999900, 0.1269226350314252800, 0.7500000000000000000 ) ) ;
#2589 = FACE_OUTER_BOUND ( 'NONE', #256, .T. ) ;
#2590 = LINE ( 'NONE', #2588, #2782 ) ;
#2591 = CARTESIAN_POINT ( 'NONE',  ( -0.6511361245076768800, 0.1826351822333072100, -1.374996705983592100 ) ) ;
#2592 = LINE ( 'NONE', #2118, #532 ) ;
#2593 = VERTEX_POINT ( 'NONE', #594 ) ;
#2594 = DIRECTION ( 'NONE',  ( -1.000000000000000000, 0.0000000000000000000, 0.0000000000000000000 ) ) ;
#2595 = DIRECTION ( 'NONE',  ( -0.0000000000000000000, -0.0000000000000000000, -1.000000000000000000 ) ) ;
#2596 = CARTESIAN_POINT ( 'NONE',  ( 0.7283013959751092300, 0.6332847967374504200, 1.378301395975109100 ) ) ;
#2597 = EDGE_CURVE ( 'NONE', #612, #2157, #167, .T. ) ;
#2598 = LINE ( 'NONE', #2669, #99 ) ;
#2599 = ORIENTED_EDGE ( 'NONE', *, *, #2119, .F. ) ;
#2600 = CARTESIAN_POINT ( 'NONE',  ( -1.000000000000000200, 0.4904217513349274400, -0.7500000000000000000 ) ) ;
#2601 = LINE ( 'NONE', #351, #2919 ) ;
#2602 = CARTESIAN_POINT ( 'NONE',  ( 0.8824217513349346100, 0.4904217513349276600, -0.7500000000000000000 ) ) ;
#2603 = ORIENTED_EDGE ( 'NONE', *, *, #2808, .F. ) ;
#2604 = EDGE_CURVE ( 'NONE', #1817, #1390, #2755, .T. ) ;
#2605 = CARTESIAN_POINT ( 'NONE',  ( -1.240474826963494000, 0.1324933768271629200, -0.7500000000000000000 ) ) ;
#2606 = VECTOR ( 'NONE', #2964, 1000.000000000000000 ) ;
#2607 = EDGE_LOOP ( 'NONE', ( #3060, #174, #1913 ) ) ;
#2608 = CARTESIAN_POINT ( 'NONE',  ( 0.6265159306823713200, 0.1000000000000000300, -1.276515930682371500 ) ) ;
#2609 = AXIS2_PLACEMENT_3D ( 'NONE', #1343, #3147, #35 ) ;
#2610 = ORIENTED_EDGE ( 'NONE', *, *, #2487, .F. ) ;
#2611 = LINE ( 'NONE', #1705, #2887 ) ;
#2612 = ORIENTED_EDGE ( 'NONE', *, *, #1078, .T. ) ;
#2613 = AXIS2_PLACEMENT_3D ( 'NONE', #3061, #2508, #2533 ) ;
#2614 = CARTESIAN_POINT ( 'NONE',  ( 1.000000000000000000, 0.2500000000000004400, 0.7500000000000000000 ) ) ;
#2615 = DIRECTION ( 'NONE',  ( 0.0000000000000000000, 0.0000000000000000000, -1.000000000000000000 ) ) ;
#2616 = VECTOR ( 'NONE', #37, 1000.000000000000200 ) ;
#2617 = VERTEX_POINT ( 'NONE', #2444 ) ;
#2618 = PLANE ( 'NONE',  #1918 ) ;
#2619 = ORIENTED_EDGE ( 'NONE', *, *, #3297, .F. ) ;
#2620 = CARTESIAN_POINT ( 'NONE',  ( 1.244578248665065600, 0.2500000000000001100, 0.7500000000000000000 ) ) ;
#2621 = AXIS2_PLACEMENT_3D ( 'NONE', #425, #2520, #3010 ) ;
#2622 = DIRECTION ( 'NONE',  ( -1.000000000000000000, 0.0000000000000000000, 0.0000000000000000000 ) ) ;
#2623 = EDGE_CURVE ( 'NONE', #219, #3099, #1232, .T. ) ;
#2624 = ORIENTED_EDGE ( 'NONE', *, *, #777, .T. ) ;
#2625 = UNCERTAINTY_MEASURE_WITH_UNIT (LENGTH_MEASURE( 1.000000000000000100E-005 ), #440, 'distance_accuracy_value', 'NONE');
#2626 = DIRECTION ( 'NONE',  ( -0.9993908270190958700, -0.03489949670249498100, 0.0000000000000000000 ) ) ;
#2627 = CARTESIAN_POINT ( 'NONE',  ( 1.240474826963494000, 0.1324933768271632200, -0.1999999999999999800 ) ) ;
#2628 = CYLINDRICAL_SURFACE ( 'NONE', #2030, 0.1375000000000000400 ) ;
#2629 = ADVANCED_FACE ( 'NONE', ( #864 ), #2704, .F. ) ;
#2630 = AXIS2_PLACEMENT_3D ( 'NONE', #697, #2986, #1698 ) ;
#2631 = CARTESIAN_POINT ( 'NONE',  ( 1.126999999999999800, 0.4904217513349277700, -0.1999999999999999800 ) ) ;
#2632 = LINE ( 'NONE', #314, #1285 ) ;
#2633 = ORIENTED_EDGE ( 'NONE', *, *, #1439, .F. ) ;
#2634 = STYLED_ITEM ( 'NONE', ( #3129 ), #1186 ) ;
#2635 = DIRECTION ( 'NONE',  ( 1.000000000000000000, 0.0000000000000000000, 0.0000000000000000000 ) ) ;
#2636 = CYLINDRICAL_SURFACE ( 'NONE', #3168, 0.2445782486650656100 ) ;
#2637 = ORIENTED_EDGE ( 'NONE', *, *, #1960, .F. ) ;
#2638 = AXIS2_PLACEMENT_3D ( 'NONE', #2931, #1392, #3170 ) ;
#2639 = FACE_OUTER_BOUND ( 'NONE', #3255, .T. ) ;
#2640 = ORIENTED_EDGE ( 'NONE', *, *, #937, .T. ) ;
#2641 = DIRECTION ( 'NONE',  ( 0.03489949670249473800, -0.9993908270190959800, 0.0000000000000000000 ) ) ;
#2642 = EDGE_CURVE ( 'NONE', #1857, #275, #785, .T. ) ;
#2643 = CARTESIAN_POINT ( 'NONE',  ( -0.8824217513349343900, 0.6079999999999932100, -1.149999999999999900 ) ) ;
#2644 = ORIENTED_EDGE ( 'NONE', *, *, #773, .T. ) ;
#2645 = EDGE_CURVE ( 'NONE', #3186, #941, #92, .T. ) ;
#2646 = CARTESIAN_POINT ( 'NONE',  ( -1.399999999999999900, 0.1269226350314249200, -0.7500000000000000000 ) ) ;
#2647 = DIRECTION ( 'NONE',  ( 1.000000000000000000, 0.0000000000000000000, 0.0000000000000000000 ) ) ;
#2648 = FACE_OUTER_BOUND ( 'NONE', #1884, .T. ) ;
#2649 = DIRECTION ( 'NONE',  ( -0.0000000000000000000, -0.0000000000000000000, -1.000000000000000000 ) ) ;
#2650 = CARTESIAN_POINT ( 'NONE',  ( 0.7999999999999999300, 0.6079999999999931000, 1.450000000000000000 ) ) ;
#2651 = PRESENTATION_LAYER_ASSIGNMENT (  '', '', ( #118 ) ) ;
#2652 = VERTEX_POINT ( 'NONE', #141 ) ;
#2653 = CARTESIAN_POINT ( 'NONE',  ( -0.7249967059835924500, 0.1826351822333073200, -1.301136124507676500 ) ) ;
#2654 = VERTEX_POINT ( 'NONE', #154 ) ;
#2655 = ORIENTED_EDGE ( 'NONE', *, *, #411, .T. ) ;
#2656 = ORIENTED_EDGE ( 'NONE', *, *, #3315, .T. ) ;
#2657 = EDGE_CURVE ( 'NONE', #1460, #1817, #1393, .T. ) ;
#2658 = DIRECTION ( 'NONE',  ( -0.0000000000000000000, -0.0000000000000000000, -1.000000000000000000 ) ) ;
#2659 =( BOUNDED_CURVE ( )  B_SPLINE_CURVE ( 3, ( #2561, #1039, #2020, #1052 ),
 .UNSPECIFIED., .F., .F. ) 
 B_SPLINE_CURVE_WITH_KNOTS ( ( 4, 4 ),
 ( 4.712388980384689700, 6.108652381980156100 ),
 .UNSPECIFIED. ) 
 CURVE ( )  GEOMETRIC_REPRESENTATION_ITEM ( )  RATIONAL_B_SPLINE_CURVE ( ( 1.000000000000000000, 0.8440296287459846400, 0.8440296287459846400, 1.000000000000000000 ) ) 
 REPRESENTATION_ITEM ( '' )  );
#2660 = EDGE_CURVE ( 'NONE', #2121, #926, #15, .T. ) ;
#2661 = CARTESIAN_POINT ( 'NONE',  ( 1.395567763918783600, 8.544611162700630100E-017, -0.1999999999999999800 ) ) ;
#2662 = EDGE_LOOP ( 'NONE', ( #1249, #384, #1693, #393 ) ) ;
#2663 = ORIENTED_EDGE ( 'NONE', *, *, #1649, .T. ) ;
#2664 = CIRCLE ( 'NONE', #465, 0.2445782486650656100 ) ;
#2665 = DIRECTION ( 'NONE',  ( -0.0000000000000000000, 0.1736481776669273300, -0.9848077530122086900 ) ) ;
#2666 = LINE ( 'NONE', #724, #1320 ) ;
#2667 = ORIENTED_EDGE ( 'NONE', *, *, #474, .F. ) ;
#2668 = CARTESIAN_POINT ( 'NONE',  ( -1.127000000000000000, 0.2499999999999997800, 1.149999999999999900 ) ) ;
#2669 = CARTESIAN_POINT ( 'NONE',  ( 0.7776064734500255400, 0.7349999999999932100, -1.149999999999999900 ) ) ;
#2670 = VECTOR ( 'NONE', #3202, 1000.000000000000200 ) ;
#2671 = CIRCLE ( 'NONE', #3223, 0.1175782486650656700 ) ;
#2672 = ORIENTED_EDGE ( 'NONE', *, *, #1300, .T. ) ;
#2673 = CARTESIAN_POINT ( 'NONE',  ( 1.399999999999999900, 0.1269226350314252800, 0.1999999999999999800 ) ) ;
#2674 = LINE ( 'NONE', #498, #2000 ) ;
#2675 = ORIENTED_EDGE ( 'NONE', *, *, #1142, .T. ) ;
#2676 = EDGE_CURVE ( 'NONE', #3268, #1817, #820, .T. ) ;
#2677 = EDGE_LOOP ( 'NONE', ( #93, #3154, #586, #3193 ) ) ;
#2678 = CARTESIAN_POINT ( 'NONE',  ( -0.6187614045093921000, 1.203947365383166000, -1.268761404509391600 ) ) ;
#2679 = VECTOR ( 'NONE', #920, 1000.000000000000000 ) ;
#2680 = ORIENTED_EDGE ( 'NONE', *, *, #1342, .F. ) ;
#2681 = FACE_OUTER_BOUND ( 'NONE', #253, .T. ) ;
#2682 = VERTEX_POINT ( 'NONE', #399 ) ;
#2683 = AXIS2_PLACEMENT_3D ( 'NONE', #1453, #367, #1662 ) ;
#2684 = DIRECTION ( 'NONE',  ( -0.1710878697460324100, 0.9702875252478151400, -0.1710878697460323800 ) ) ;
#2685 = EDGE_LOOP ( 'NONE', ( #778, #2920, #2294 ) ) ;
#2686 = CARTESIAN_POINT ( 'NONE',  ( -0.8000000000000001600, 0.6079999999999931000, 1.149999999999999900 ) ) ;
#2687 = DIRECTION ( 'NONE',  ( -0.0000000000000000000, -0.0000000000000000000, -1.000000000000000000 ) ) ;
#2688 = STYLED_ITEM ( 'NONE', ( #184 ), #570 ) ;
#2689 = CARTESIAN_POINT ( 'NONE',  ( -0.8000000000000001600, 0.6079999999999931000, -0.7500000000000000000 ) ) ;
#2690 = ORIENTED_EDGE ( 'NONE', *, *, #2380, .T. ) ;
#2691 = CARTESIAN_POINT ( 'NONE',  ( -0.4250000000000001600, 1.000000000000000000, -1.075000000000000000 ) ) ;
#2692 = EDGE_CURVE ( 'NONE', #3235, #485, #528, .T. ) ;
#2693 = EDGE_LOOP ( 'NONE', ( #1308, #2276, #198, #3251 ) ) ;
#2694 = DIRECTION ( 'NONE',  ( -0.0000000000000000000, -0.0000000000000000000, -1.000000000000000000 ) ) ;
#2695 = AXIS2_PLACEMENT_3D ( 'NONE', #2903, #1604, #1353 ) ;
#2696 = DIRECTION ( 'NONE',  ( -0.1736481776669258100, 0.9848077530122089100, 0.0000000000000000000 ) ) ;
#2697 = EDGE_CURVE ( 'NONE', #1375, #441, #2478, .T. ) ;
#2698 = VECTOR ( 'NONE', #2733, 1000.000000000000000 ) ;
#2699 = DIRECTION ( 'NONE',  ( -0.0000000000000000000, -0.0000000000000000000, -1.000000000000000000 ) ) ;
#2700 = ADVANCED_FACE ( 'NONE', ( #57 ), #3024, .F. ) ;
#2701 = FACE_OUTER_BOUND ( 'NONE', #1385, .T. ) ;
#2702 = EDGE_LOOP ( 'NONE', ( #835, #1085, #2355, #1219 ) ) ;
#2703 = DIRECTION ( 'NONE',  ( 0.0000000000000000000, 0.0000000000000000000, 1.000000000000000000 ) ) ;
#2704 = PLANE ( 'NONE',  #803 ) ;
#2705 = VECTOR ( 'NONE', #3219, 1000.000000000000000 ) ;
#2706 = ORIENTED_EDGE ( 'NONE', *, *, #1262, .F. ) ;
#2707 = CARTESIAN_POINT ( 'NONE',  ( -0.7414031294181883100, 0.9403193668171213600, -1.320578089939676600 ) ) ;
#2708 = DIRECTION ( 'NONE',  ( 0.0000000000000000000, -0.0000000000000000000, 1.000000000000000000 ) ) ;
#2709 = VECTOR ( 'NONE', #619, 1000.000000000000000 ) ;
#2710 = ORIENTED_EDGE ( 'NONE', *, *, #449, .T. ) ;
#2711 = CARTESIAN_POINT ( 'NONE',  ( -0.8824217513349343900, 0.7349999999999931000, -0.7500000000000000000 ) ) ;
#2712 = VERTEX_POINT ( 'NONE', #1169 ) ;
#2713 = EDGE_CURVE ( 'NONE', #776, #1154, #943, .T. ) ;
#2714 = DIRECTION ( 'NONE',  ( 1.000000000000000000, 0.0000000000000000000, -0.0000000000000000000 ) ) ;
#2715 = MECHANICAL_DESIGN_GEOMETRIC_PRESENTATION_REPRESENTATION (  '', ( #2688 ), #476 ) ;
#2716 =( BOUNDED_CURVE ( )  B_SPLINE_CURVE ( 3, ( #1618, #3167, #166, #1156 ),
 .UNSPECIFIED., .F., .F. ) 
 B_SPLINE_CURVE_WITH_KNOTS ( ( 4, 4 ),
 ( 4.712388980384689700, 6.108652381980157000 ),
 .UNSPECIFIED. ) 
 CURVE ( )  GEOMETRIC_REPRESENTATION_ITEM ( )  RATIONAL_B_SPLINE_CURVE ( ( 1.000000000000000000, 0.8440296287459846400, 0.8440296287459846400, 1.000000000000000000 ) ) 
 REPRESENTATION_ITEM ( '' )  );
#2717 = ORIENTED_EDGE ( 'NONE', *, *, #2989, .T. ) ;
#2718 = LINE ( 'NONE', #433, #1804 ) ;
#2719 = ORIENTED_EDGE ( 'NONE', *, *, #3247, .F. ) ;
#2720 = EDGE_CURVE ( 'NONE', #1941, #669, #1426, .T. ) ;
#2721 = ADVANCED_FACE ( 'NONE', ( #1235 ), #977, .T. ) ;
#2722 = DIRECTION ( 'NONE',  ( 0.0000000000000000000, 0.0000000000000000000, 1.000000000000000000 ) ) ;
#2723 = FACE_OUTER_BOUND ( 'NONE', #1146, .T. ) ;
#2724 = ORIENTED_EDGE ( 'NONE', *, *, #1439, .T. ) ;
#2725 = DIRECTION ( 'NONE',  ( 0.9993908270190958700, -0.03489949670249439800, 0.0000000000000000000 ) ) ;
#2726 = VERTEX_POINT ( 'NONE', #1780 ) ;
#2727 = CARTESIAN_POINT ( 'NONE',  ( -1.236042590882277200, 0.005570741795737780100, -0.7500000000000000000 ) ) ;
#2728 = CARTESIAN_POINT ( 'NONE',  ( -0.7209491996560061200, 0.1596806331828786200, 1.300124160177494700 ) ) ;
#2729 = ORIENTED_EDGE ( 'NONE', *, *, #2935, .F. ) ;
#2730 = CARTESIAN_POINT ( 'NONE',  ( -0.6926219859853077800, 1.216970978708185700, 1.268761404509391600 ) ) ;
#2731 = DIRECTION ( 'NONE',  ( -1.000000000000000000, -9.019168743805722600E-016, 0.0000000000000000000 ) ) ;
#2732 = CARTESIAN_POINT ( 'NONE',  ( 0.7290722894489167800, 0.9616486110369076900, 1.317495467695644300 ) ) ;
#2733 = DIRECTION ( 'NONE',  ( 0.0000000000000000000, 0.0000000000000000000, -1.000000000000000000 ) ) ;
#2734 = ADVANCED_FACE ( 'NONE', ( #443 ), #13, .T. ) ;
#2735 = VERTEX_POINT ( 'NONE', #2556 ) ;
#2736 = DIRECTION ( 'NONE',  ( -0.03489949670249440500, -0.9993908270190959800, 0.0000000000000000000 ) ) ;
#2737 = FACE_OUTER_BOUND ( 'NONE', #635, .T. ) ;
#2738 = DIRECTION ( 'NONE',  ( -0.9993908270190958700, 0.03489949670249439800, -0.0000000000000000000 ) ) ;
#2739 = AXIS2_PLACEMENT_3D ( 'NONE', #580, #1335, #2399 ) ;
#2740 = DIRECTION ( 'NONE',  ( -1.000000000000000000, 0.0000000000000000000, 0.0000000000000000000 ) ) ;
#2741 = CARTESIAN_POINT ( 'NONE',  ( 0.7261394185240842600, 0.6079999999999931000, -1.450000000000000000 ) ) ;
#2742 = VECTOR ( 'NONE', #1746, 1000.000000000000000 ) ;
#2743 = CARTESIAN_POINT ( 'NONE',  ( -1.127000000000000000, 0.2499999999999997800, 0.7500000000000000000 ) ) ;
#2744 = ORIENTED_EDGE ( 'NONE', *, *, #2762, .F. ) ;
#2745 = VECTOR ( 'NONE', #3013, 1000.000000000000200 ) ;
#2746 = EDGE_LOOP ( 'NONE', ( #739, #1193, #3258, #1700 ) ) ;
#2747 = AXIS2_PLACEMENT_3D ( 'NONE', #1542, #771, #2309 ) ;
#2748 = DIRECTION ( 'NONE',  ( 1.000000000000000000, 0.0000000000000000000, 0.0000000000000000000 ) ) ;
#2749 = LINE ( 'NONE', #2576, #1995 ) ;
#2750 = ORIENTED_EDGE ( 'NONE', *, *, #3220, .F. ) ;
#2751 = LINE ( 'NONE', #213, #751 ) ;
#2752 = VERTEX_POINT ( 'NONE', #806 ) ;
#2753 = DIRECTION ( 'NONE',  ( -0.0000000000000000000, -0.0000000000000000000, -1.000000000000000000 ) ) ;
#2754 = FACE_OUTER_BOUND ( 'NONE', #2211, .T. ) ;
#2755 =( BOUNDED_CURVE ( )  B_SPLINE_CURVE ( 3, ( #1932, #2202, #127, #379 ),
 .UNSPECIFIED., .F., .F. ) 
 B_SPLINE_CURVE_WITH_KNOTS ( ( 4, 4 ),
 ( 2.371273620688843400, 3.911911686490747300 ),
 .UNSPECIFIED. ) 
 CURVE ( )  GEOMETRIC_REPRESENTATION_ITEM ( )  RATIONAL_B_SPLINE_CURVE ( ( 1.000000000000000000, 0.8117923620232586600, 0.8117923620232586600, 1.000000000000000000 ) ) 
 REPRESENTATION_ITEM ( '' )  );
#2756 = ORIENTED_EDGE ( 'NONE', *, *, #1574, .F. ) ;
#2757 = EDGE_CURVE ( 'NONE', #1382, #493, #1989, .T. ) ;
#2758 = DIRECTION ( 'NONE',  ( -0.9993908270190958700, 0.03489949670249439800, -0.0000000000000000000 ) ) ;
#2759 = VECTOR ( 'NONE', #1729, 1000.000000000000000 ) ;
#2760 = ORIENTED_EDGE ( 'NONE', *, *, #1827, .F. ) ;
#2761 = SURFACE_STYLE_USAGE ( .BOTH. , #708 ) ;
#2762 = EDGE_CURVE ( 'NONE', #926, #2820, #2828, .T. ) ;
#2763 = FACE_OUTER_BOUND ( 'NONE', #2662, .T. ) ;
#2764 = CARTESIAN_POINT ( 'NONE',  ( 0.6693859670110028400, 0.9673648177666928100, 1.386634286710351600 ) ) ;
#2765 = VERTEX_POINT ( 'NONE', #535 ) ;
#2766 = CARTESIAN_POINT ( 'NONE',  ( 0.6469698604445534000, 1.000000000000000000, 1.296969860444553400 ) ) ;
#2767 = PLANE ( 'NONE',  #972 ) ;
#2768 = ORIENTED_EDGE ( 'NONE', *, *, #350, .F. ) ;
#2769 = CARTESIAN_POINT ( 'NONE',  ( 0.7999999999999999300, 0.6079999999999934300, 0.1999999999999999800 ) ) ;
#2770 = AXIS2_PLACEMENT_3D ( 'NONE', #1376, #1090, #2863 ) ;
#2771 = VERTEX_POINT ( 'NONE', #1026 ) ;
#2772 = DIRECTION ( 'NONE',  ( -1.000000000000000000, 0.0000000000000000000, 0.0000000000000000000 ) ) ;
#2773 = CARTESIAN_POINT ( 'NONE',  ( -0.6377875929726450900, 1.109068101979916700, -1.361648174448560500 ) ) ;
#2774 = ORIENTED_EDGE ( 'NONE', *, *, #2808, .T. ) ;
#2775 = AXIS2_PLACEMENT_3D ( 'NONE', #1344, #563, #2891 ) ;
#2776 = CARTESIAN_POINT ( 'NONE',  ( -0.7120332716136555900, 0.9835547542156355400, 1.362033271613653000 ) ) ;
#2777 = EDGE_LOOP ( 'NONE', ( #2585, #2982, #1008, #3116 ) ) ;
#2778 = ORIENTED_EDGE ( 'NONE', *, *, #111, .F. ) ;
#2779 = DIRECTION ( 'NONE',  ( 1.000000000000000000, 0.0000000000000000000, 0.0000000000000000000 ) ) ;
#2780 = DIRECTION ( 'NONE',  ( 1.315432097626353200E-015, 1.000000000000000000, -0.0000000000000000000 ) ) ;
#2781 = CIRCLE ( 'NONE', #1499, 0.1175782486650656700 ) ;
#2782 = VECTOR ( 'NONE', #548, 1000.000000000000100 ) ;
#2783 = DIRECTION ( 'NONE',  ( -0.0000000000000000000, -0.0000000000000000000, 1.000000000000000000 ) ) ;
#2784 = ADVANCED_FACE ( 'NONE', ( #2143 ), #2357, .T. ) ;
#2785 = EDGE_CURVE ( 'NONE', #441, #2416, #1657, .T. ) ;
#2786 = ORIENTED_EDGE ( 'NONE', *, *, #2811, .T. ) ;
#2787 = ADVANCED_FACE ( 'NONE', ( #1147 ), #2628, .F. ) ;
#2788 = DIRECTION ( 'NONE',  ( 0.0000000000000000000, 0.0000000000000000000, -1.000000000000000000 ) ) ;
#2789 = EDGE_CURVE ( 'NONE', #1978, #45, #1354, .T. ) ;
#2790 = FACE_OUTER_BOUND ( 'NONE', #3190, .T. ) ;
#2791 = ORIENTED_EDGE ( 'NONE', *, *, #2785, .F. ) ;
#2792 = CARTESIAN_POINT ( 'NONE',  ( -0.6469698604445537300, 1.000000000000000000, 1.296969860444553400 ) ) ;
#2793 = CARTESIAN_POINT ( 'NONE',  ( -0.8824217513349343900, 0.4904217513349274400, -0.7500000000000000000 ) ) ;
#2794 = LINE ( 'NONE', #796, #3090 ) ;
#2795 = ORIENTED_EDGE ( 'NONE', *, *, #648, .F. ) ;
#2796 = CARTESIAN_POINT ( 'NONE',  ( -0.7308798235622819800, 0.9173648177666926500, 1.395450635745774300 ) ) ;
#2797 = AXIS2_PLACEMENT_3D ( 'NONE', #1868, #2192, #846 ) ;
#2798 = VECTOR ( 'NONE', #2684, 999.9999999999998900 ) ;
#2799 = ORIENTED_EDGE ( 'NONE', *, *, #1342, .T. ) ;
#2800 = CARTESIAN_POINT ( 'NONE',  ( 1.000000000000000200, 0.4904217513349276600, -0.1999999999999999800 ) ) ;
#2801 = LINE ( 'NONE', #914, #3004 ) ;
#2802 = EDGE_LOOP ( 'NONE', ( #2505, #2549, #2132 ) ) ;
#2803 = CARTESIAN_POINT ( 'NONE',  ( 0.6265159306823714400, 0.1000000000000000500, -1.276515930682371500 ) ) ;
#2804 = CARTESIAN_POINT ( 'NONE',  ( 0.6409779938971007500, 0.09999973775555186200, 1.290977993897100000 ) ) ;
#2805 = VECTOR ( 'NONE', #2501, 1000.000000000000100 ) ;
#2806 = FACE_OUTER_BOUND ( 'NONE', #1522, .T. ) ;
#2807 = ORIENTED_EDGE ( 'NONE', *, *, #3070, .F. ) ;
#2808 = EDGE_CURVE ( 'NONE', #195, #1244, #1473, .T. ) ;
#2809 = DIRECTION ( 'NONE',  ( 0.0000000000000000000, 0.0000000000000000000, 1.000000000000000000 ) ) ;
#2810 = EDGE_LOOP ( 'NONE', ( #2519, #1044, #1464, #2875, #1347, #852, #2412, #328, #2836, #1811, #190, #2843 ) ) ;
#2811 = EDGE_CURVE ( 'NONE', #962, #2272, #689, .T. ) ;
#2812 = ADVANCED_FACE ( 'NONE', ( #1553 ), #1319, .F. ) ;
#2813 = ORIENTED_EDGE ( 'NONE', *, *, #3104, .F. ) ;
#2814 = EDGE_CURVE ( 'NONE', #801, #2367, #1625, .T. ) ;
#2815 = CARTESIAN_POINT ( 'NONE',  ( 1.399999999999999900, 0.1269226350314252800, 0.1999999999999999800 ) ) ;
#2816 = ORIENTED_EDGE ( 'NONE', *, *, #2557, .T. ) ;
#2817 = CARTESIAN_POINT ( 'NONE',  ( 0.7228347285325673600, 0.1703739988208856400, 1.372834728532567300 ) ) ;
#2818 = CARTESIAN_POINT ( 'NONE',  ( 0.6772872612766588400, 0.1000000000000000900, 1.289208763330943500 ) ) ;
#2819 = AXIS2_PLACEMENT_3D ( 'NONE', #319, #2122, #823 ) ;
#2820 = VERTEX_POINT ( 'NONE', #70 ) ;
#2821 = DIRECTION ( 'NONE',  ( 0.1710878697460326300, 0.9702875252478149200, -0.1710878697460326000 ) ) ;
#2822 = ADVANCED_FACE ( 'NONE', ( #2949 ), #2264, .F. ) ;
#2823 = CARTESIAN_POINT ( 'NONE',  ( 0.6469698604445534000, 1.000000000000000000, -1.296969860444553400 ) ) ;
#2824 = VECTOR ( 'NONE', #2753, 1000.000000000000000 ) ;
#2825 = CARTESIAN_POINT ( 'NONE',  ( -0.4250000000000001600, 0.9499999999999999600, -0.9375000000000000000 ) ) ;
#2826 = VECTOR ( 'NONE', #2010, 1000.000000000000100 ) ;
#2827 = EDGE_CURVE ( 'NONE', #193, #1442, #3031, .T. ) ;
#2828 = CIRCLE ( 'NONE', #2260, 0.1175782486650656700 ) ;
#2829 = CIRCLE ( 'NONE', #1221, 0.2445782486650656100 ) ;
#2830 = ORIENTED_EDGE ( 'NONE', *, *, #1448, .F. ) ;
#2831 = CARTESIAN_POINT ( 'NONE',  ( 0.6469698604445534000, 1.000000000000000000, 1.296969860444553400 ) ) ;
#2832 = EDGE_CURVE ( 'NONE', #1548, #573, #2590, .T. ) ;
#2833 = VERTEX_POINT ( 'NONE', #2864 ) ;
#2834 = AXIS2_PLACEMENT_3D ( 'NONE', #3087, #770, #531 ) ;
#2835 = LINE ( 'NONE', #1824, #1919 ) ;
#2836 = ORIENTED_EDGE ( 'NONE', *, *, #2223, .T. ) ;
#2837 = CARTESIAN_POINT ( 'NONE',  ( -1.395567763918783100, -2.563694073882670400E-016, 1.149999999999999900 ) ) ;
#2838 = VECTOR ( 'NONE', #342, 1000.000000000000000 ) ;
#2839 = ORIENTED_EDGE ( 'NONE', *, *, #564, .T. ) ;
#2840 = AXIS2_PLACEMENT_3D ( 'NONE', #718, #462, #1500 ) ;
#2841 = DIRECTION ( 'NONE',  ( -0.0000000000000000000, -0.0000000000000000000, -1.000000000000000000 ) ) ;
#2842 = FACE_OUTER_BOUND ( 'NONE', #82, .T. ) ;
#2843 = ORIENTED_EDGE ( 'NONE', *, *, #1934, .T. ) ;
#2844 = LINE ( 'NONE', #1517, #921 ) ;
#2845 = CARTESIAN_POINT ( 'NONE',  ( -0.6501241601774958600, 0.1596806331828795900, -1.370949199656005900 ) ) ;
#2846 = ORIENTED_EDGE ( 'NONE', *, *, #1423, .T. ) ;
#2847 = CARTESIAN_POINT ( 'NONE',  ( -0.0000000000000000000, 0.2000000000000000400, -1.276515930682371500 ) ) ;
#2848 = DIRECTION ( 'NONE',  ( 1.000000000000000000, -1.034393262474579000E-015, 0.0000000000000000000 ) ) ;
#2849 = ORIENTED_EDGE ( 'NONE', *, *, #937, .F. ) ;
#2850 = EDGE_LOOP ( 'NONE', ( #664, #3008, #1063, #1805 ) ) ;
#2851 = EDGE_CURVE ( 'NONE', #2913, #461, #866, .T. ) ;
#2852 = ORIENTED_EDGE ( 'NONE', *, *, #79, .T. ) ;
#2853 = DIRECTION ( 'NONE',  ( 0.0000000000000000000, 0.1736481776669273300, 0.9848077530122086900 ) ) ;
#2854 = ADVANCED_FACE ( 'NONE', ( #530 ), #2924, .F. ) ;
#2855 = CARTESIAN_POINT ( 'NONE',  ( -1.240474826963494000, 0.1324933768271628900, 1.149999999999999900 ) ) ;
#2856 = ORIENTED_EDGE ( 'NONE', *, *, #2957, .F. ) ;
#2857 = DIRECTION ( 'NONE',  ( -0.03489949670249463400, 0.9993908270190958700, 0.0000000000000000000 ) ) ;
#2858 = CLOSED_SHELL ( 'NONE', ( #679, #1408, #1544, #2990, #3321, #2324, #2572, #422, #1313, #2454, #1485, #3083, #2343, #2072, #502, #1241, #2474, #2305, #258, #2555, #489, #1537, #1676, #2721, #582, #158, #375, #2, #1975, #1259, #138, #1030, #976, #1184, #3101, #2787, #2242 ) ) ;
#2859 = DIRECTION ( 'NONE',  ( 0.0000000000000000000, 0.0000000000000000000, 1.000000000000000000 ) ) ;
#2860 = ORIENTED_EDGE ( 'NONE', *, *, #1057, .F. ) ;
#2861 = DIRECTION ( 'NONE',  ( 0.0000000000000000000, 0.0000000000000000000, -1.000000000000000000 ) ) ;
#2862 = AXIS2_PLACEMENT_3D ( 'NONE', #10, #21, #792 ) ;
#2863 = DIRECTION ( 'NONE',  ( -1.000000000000000000, 0.0000000000000000000, 0.0000000000000000000 ) ) ;
#2864 = CARTESIAN_POINT ( 'NONE',  ( 0.7999999999999999300, 0.6079999999999934300, 1.149999999999999900 ) ) ;
#2865 =( BOUNDED_CURVE ( )  B_SPLINE_CURVE ( 3, ( #1498, #2268, #1013, #3311 ),
 .UNSPECIFIED., .F., .F. ) 
 B_SPLINE_CURVE_WITH_KNOTS ( ( 4, 4 ),
 ( 5.512866274278597000, 7.053504340080571900 ),
 .UNSPECIFIED. ) 
 CURVE ( )  GEOMETRIC_REPRESENTATION_ITEM ( )  RATIONAL_B_SPLINE_CURVE ( ( 1.000000000000000000, 0.8117923620232421200, 0.8117923620232421200, 1.000000000000000000 ) ) 
 REPRESENTATION_ITEM ( '' )  );
#2866 = CARTESIAN_POINT ( 'NONE',  ( -0.7283013959751094600, 0.6332847967374504200, 1.378301395975109100 ) ) ;
#2867 = VECTOR ( 'NONE', #2411, 999.9999999999998900 ) ;
#2868 = LINE ( 'NONE', #1443, #2513 ) ;
#2869 = ORIENTED_EDGE ( 'NONE', *, *, #3009, .T. ) ;
#2870 = CARTESIAN_POINT ( 'NONE',  ( 0.6501241601774955200, 0.1596806331828777300, -1.370949199656005700 ) ) ;
#2871 = PLANE ( 'NONE',  #3272 ) ;
#2872 = PLANE ( 'NONE',  #3145 ) ;
#2873 = EDGE_CURVE ( 'NONE', #1872, #605, #787, .T. ) ;
#2874 = VECTOR ( 'NONE', #2091, 1000.000000000000000 ) ;
#2875 = ORIENTED_EDGE ( 'NONE', *, *, #940, .T. ) ;
#2876 = PRESENTATION_LAYER_ASSIGNMENT (  '', '', ( #1957 ) ) ;
#2877 = CARTESIAN_POINT ( 'NONE',  ( 1.127000000000000000, 0.2500000000000000600, -0.7500000000000000000 ) ) ;
#2878 = VECTOR ( 'NONE', #1792, 1000.000000000000000 ) ;
#2879 = ORIENTED_EDGE ( 'NONE', *, *, #2827, .T. ) ;
#2880 = EDGE_CURVE ( 'NONE', #3224, #318, #2352, .T. ) ;
#2881 = LINE ( 'NONE', #995, #1200 ) ;
#2882 = CARTESIAN_POINT ( 'NONE',  ( 0.7086183596867327000, 0.1383513889630906500, -1.297041537933462100 ) ) ;
#2883 = AXIS2_PLACEMENT_3D ( 'NONE', #1761, #1298, #445 ) ;
#2884 = VECTOR ( 'NONE', #1110, 1000.000000000000000 ) ;
#2885 = ORIENTED_EDGE ( 'NONE', *, *, #2487, .T. ) ;
#2886 = CARTESIAN_POINT ( 'NONE',  ( 0.8824217513349346100, 0.4904217513349276600, 0.7500000000000000000 ) ) ;
#2887 = VECTOR ( 'NONE', #2216, 1000.000000000000200 ) ;
#2888 = EDGE_LOOP ( 'NONE', ( #1861, #497, #2083 ) ) ;
#2889 = AXIS2_PLACEMENT_3D ( 'NONE', #2568, #2809, #1304 ) ;
#2890 = CARTESIAN_POINT ( 'NONE',  ( 0.7999999999999999300, 0.6079999999999934300, -0.7500000000000000000 ) ) ;
#2891 = DIRECTION ( 'NONE',  ( -1.000000000000000000, 0.0000000000000000000, 0.0000000000000000000 ) ) ;
#2892 = DIRECTION ( 'NONE',  ( 0.9993908270190958700, -0.03489949670249473800, -0.0000000000000000000 ) ) ;
#2893 = LINE ( 'NONE', #590, #1534 ) ;
#2894 = ORIENTED_EDGE ( 'NONE', *, *, #2084, .T. ) ;
#2895 = DIRECTION ( 'NONE',  ( -0.9848077530122084600, 0.1736481776669280000, 0.0000000000000000000 ) ) ;
#2896 = ORIENTED_EDGE ( 'NONE', *, *, #2713, .F. ) ;
#2897 = EDGE_CURVE ( 'NONE', #45, #1525, #2664, .T. ) ;
#2898 = VERTEX_POINT ( 'NONE', #396 ) ;
#2899 = DIRECTION ( 'NONE',  ( -1.000000000000000000, -1.034393262474579000E-015, -0.0000000000000000000 ) ) ;
#2900 = ORIENTED_EDGE ( 'NONE', *, *, #1423, .F. ) ;
#2901 = CARTESIAN_POINT ( 'NONE',  ( -0.8000000000000001600, 0.6079999999999931000, -0.7500000000000000000 ) ) ;
#2902 = EDGE_CURVE ( 'NONE', #962, #2341, #3114, .T. ) ;
#2903 = CARTESIAN_POINT ( 'NONE',  ( -0.8824217513349343900, 0.4904217513349274400, -0.7500000000000000000 ) ) ;
#2904 = EDGE_CURVE ( 'NONE', #2617, #1740, #2433, .T. ) ;
#2905 = CIRCLE ( 'NONE', #2500, 0.1175782486650656700 ) ;
#2906 = DIRECTION ( 'NONE',  ( -1.000000000000000000, 0.0000000000000000000, 0.0000000000000000000 ) ) ;
#2907 = CARTESIAN_POINT ( 'NONE',  ( 0.6977411910388409100, 1.000000000000000000, -1.309662693093125400 ) ) ;
#2908 = ORIENTED_EDGE ( 'NONE', *, *, #1399, .F. ) ;
#2909 = LINE ( 'NONE', #3106, #2464 ) ;
#2910 = PRESENTATION_LAYER_ASSIGNMENT (  '', '', ( #3088 ) ) ;
#2911 = CARTESIAN_POINT ( 'NONE',  ( -0.7161803569481692800, 0.1326351822333071400, -1.298932037248821100 ) ) ;
#2912 =( BOUNDED_CURVE ( )  B_SPLINE_CURVE ( 3, ( #486, #3059, #2818, #1024 ),
 .UNSPECIFIED., .F., .F. ) 
 B_SPLINE_CURVE_WITH_KNOTS ( ( 4, 4 ),
 ( 0.1745329251994304200, 1.570796326794896600 ),
 .UNSPECIFIED. ) 
 CURVE ( )  GEOMETRIC_REPRESENTATION_ITEM ( )  RATIONAL_B_SPLINE_CURVE ( ( 1.000000000000000000, 0.8440296287459847500, 0.8440296287459847500, 1.000000000000000000 ) ) 
 REPRESENTATION_ITEM ( '' )  );
#2913 = VERTEX_POINT ( 'NONE', #415 ) ;
#2914 = LINE ( 'NONE', #2769, #1910 ) ;
#2915 = DIRECTION ( 'NONE',  ( -0.0000000000000000000, -0.0000000000000000000, -1.000000000000000000 ) ) ;
#2916 = CARTESIAN_POINT ( 'NONE',  ( -0.4250000000000001600, 1.000000000000000000, -1.075000000000000000 ) ) ;
#2917 = FACE_BOUND ( 'NONE', #2956, .T. ) ;
#2918 = ORIENTED_EDGE ( 'NONE', *, *, #1727, .T. ) ;
#2919 = VECTOR ( 'NONE', #584, 1000.000000000000000 ) ;
#2920 = ORIENTED_EDGE ( 'NONE', *, *, #2380, .F. ) ;
#2921 = CARTESIAN_POINT ( 'NONE',  ( 1.236042590882277600, 0.005570741795738105300, 0.7500000000000000000 ) ) ;
#2922 = AXIS2_PLACEMENT_3D ( 'NONE', #1191, #688, #1901 ) ;
#2923 = PLANE ( 'NONE',  #3 ) ;
#2924 = PLANE ( 'NONE',  #1520 ) ;
#2925 = LINE ( 'NONE', #3146, #2838 ) ;
#2926 = DIRECTION ( 'NONE',  ( -0.0000000000000000000, -0.0000000000000000000, -1.000000000000000000 ) ) ;
#2927 = VERTEX_POINT ( 'NONE', #125 ) ;
#2928 = CARTESIAN_POINT ( 'NONE',  ( 0.7999999999999999300, 0.6079999999999931000, 1.376139418524084300 ) ) ;
#2929 = LINE ( 'NONE', #143, #3007 ) ;
#2930 = ORIENTED_EDGE ( 'NONE', *, *, #2246, .T. ) ;
#2931 = CARTESIAN_POINT ( 'NONE',  ( -0.8824217513349343900, 0.4904217513349274400, -1.149999999999999900 ) ) ;
#2932 = DIRECTION ( 'NONE',  ( -0.9993908270190958700, 0.03489949670249473100, 0.0000000000000000000 ) ) ;
#2933 = ORIENTED_EDGE ( 'NONE', *, *, #223, .F. ) ;
#2934 = ORIENTED_EDGE ( 'NONE', *, *, #1510, .T. ) ;
#2935 = EDGE_CURVE ( 'NONE', #1031, #3270, #124, .T. ) ;
#2936 = DIRECTION ( 'NONE',  ( -0.03489949670249122000, -0.9993908270190959800, 0.0000000000000000000 ) ) ;
#2937 = DIRECTION ( 'NONE',  ( -1.000000000000000000, 0.0000000000000000000, 0.0000000000000000000 ) ) ;
#2938 = EDGE_LOOP ( 'NONE', ( #2918, #315, #2001, #2934 ) ) ;
#2939 = EDGE_CURVE ( 'NONE', #318, #3270, #821, .T. ) ;
#2940 = DIRECTION ( 'NONE',  ( -0.03489949670249463400, 0.9993908270190958700, 0.0000000000000000000 ) ) ;
#2941 = ORIENTED_EDGE ( 'NONE', *, *, #1979, .F. ) ;
#2942 = EDGE_CURVE ( 'NONE', #2542, #913, #52, .T. ) ;
#2943 = DIRECTION ( 'NONE',  ( -0.0000000000000000000, -0.0000000000000000000, -1.000000000000000000 ) ) ;
#2944 = LINE ( 'NONE', #153, #2259 ) ;
#2945 = ADVANCED_FACE ( 'NONE', ( #3191 ), #3263, .F. ) ;
#2946 = AXIS2_PLACEMENT_3D ( 'NONE', #1929, #2421, #1135 ) ;
#2947 = DIRECTION ( 'NONE',  ( 1.000000000000000000, 0.0000000000000000000, 0.0000000000000000000 ) ) ;
#2948 = VERTEX_POINT ( 'NONE', #1713 ) ;
#2949 = FACE_OUTER_BOUND ( 'NONE', #2333, .T. ) ;
#2950 = FACE_OUTER_BOUND ( 'NONE', #748, .T. ) ;
#2951 = ORIENTED_EDGE ( 'NONE', *, *, #1508, .F. ) ;
#2952 = AXIS2_PLACEMENT_3D ( 'NONE', #1774, #1268, #1254 ) ;
#2953 = DIRECTION ( 'NONE',  ( 0.9993908270190959800, 0.03489949670249464100, -0.0000000000000000000 ) ) ;
#2954 = CARTESIAN_POINT ( 'NONE',  ( 0.8824217513349346100, 0.4904217513349276600, 1.149999999999999900 ) ) ;
#2955 = FACE_OUTER_BOUND ( 'NONE', #381, .T. ) ;
#2956 = EDGE_LOOP ( 'NONE', ( #458, #1718 ) ) ;
#2957 = EDGE_CURVE ( 'NONE', #1925, #573, #169, .T. ) ;
#2958 = ORIENTED_EDGE ( 'NONE', *, *, #2039, .T. ) ;
#2959 = CARTESIAN_POINT ( 'NONE',  ( -0.8824217513349343900, 0.7349999999999931000, -1.149999999999999900 ) ) ;
#2960 = CARTESIAN_POINT ( 'NONE',  ( -0.7283013959751094600, 0.6202611834124308600, -1.452161977451024800 ) ) ;
#2961 = ADVANCED_FACE ( 'NONE', ( #2103 ), #646, .T. ) ;
#2962 = EDGE_CURVE ( 'NONE', #2042, #3099, #735, .T. ) ;
#2963 = CARTESIAN_POINT ( 'NONE',  ( 1.399999999999999900, 0.1269226350314252800, -0.7500000000000000000 ) ) ;
#2964 = DIRECTION ( 'NONE',  ( 0.1736481776669272800, 0.9848077530122086900, 0.0000000000000000000 ) ) ;
#2965 = LINE ( 'NONE', #2396, #303 ) ;
#2966 = EDGE_LOOP ( 'NONE', ( #2799, #1755, #671, #625 ) ) ;
#2967 = EDGE_CURVE ( 'NONE', #1011, #2682, #2510, .T. ) ;
#2968 = FACE_OUTER_BOUND ( 'NONE', #1843, .T. ) ;
#2969 = ORIENTED_EDGE ( 'NONE', *, *, #308, .T. ) ;
#2970 =( BOUNDED_CURVE ( )  B_SPLINE_CURVE ( 3, ( #1256, #716, #2545, #1540 ),
 .UNSPECIFIED., .F., .T. ) 
 B_SPLINE_CURVE_WITH_KNOTS ( ( 4, 4 ),
 ( 1.570796326794896600, 2.967059728390363900 ),
 .UNSPECIFIED. ) 
 CURVE ( )  GEOMETRIC_REPRESENTATION_ITEM ( )  RATIONAL_B_SPLINE_CURVE ( ( 1.000000000000000000, 0.8440296287459846400, 0.8440296287459846400, 1.000000000000000000 ) ) 
 REPRESENTATION_ITEM ( '' )  );
#2971 = CARTESIAN_POINT ( 'NONE',  ( 0.8824217513349343900, 0.6079999999999933200, -0.7500000000000000000 ) ) ;
#2972 = ORIENTED_EDGE ( 'NONE', *, *, #2385, .F. ) ;
#2973 = AXIS2_PLACEMENT_3D ( 'NONE', #435, #2722, #3021 ) ;
#2974 = CARTESIAN_POINT ( 'NONE',  ( -0.8000000000000001600, 0.6079999999999931000, 0.7500000000000000000 ) ) ;
#2975 = ORIENTED_EDGE ( 'NONE', *, *, #175, .F. ) ;
#2976 = CARTESIAN_POINT ( 'NONE',  ( -1.127000000000000000, 0.4904217513349274400, -0.7500000000000000000 ) ) ;
#2977 = CARTESIAN_POINT ( 'NONE',  ( 0.7432886582947494400, 0.9296260011791140900, 1.393288658294749200 ) ) ;
#2978 = DIRECTION ( 'NONE',  ( -1.000000000000000000, 0.0000000000000000000, 0.0000000000000000000 ) ) ;
#2979 = CARTESIAN_POINT ( 'NONE',  ( 0.8824217513349346100, 0.4904217513349276600, -0.1999999999999999800 ) ) ;
#2980 = ORIENTED_EDGE ( 'NONE', *, *, #2125, .F. ) ;
#2981 = PLANE ( 'NONE',  #2922 ) ;
#2982 = ORIENTED_EDGE ( 'NONE', *, *, #350, .T. ) ;
#2983 = EDGE_CURVE ( 'NONE', #2726, #742, #2914, .T. ) ;
#2984 = CARTESIAN_POINT ( 'NONE',  ( 1.399999999999999900, 0.1269226350314252800, 0.1999999999999999800 ) ) ;
#2985 = SHAPE_DEFINITION_REPRESENTATION ( #1564, #1927 ) ;
#2986 = DIRECTION ( 'NONE',  ( 0.9848077530122086900, 0.1736481776669271100, -0.0000000000000000000 ) ) ;
#2987 = EDGE_CURVE ( 'NONE', #434, #40, #3149, .T. ) ;
#2988 = CARTESIAN_POINT ( 'NONE',  ( 0.8824217513349346100, 0.4904217513349276600, -1.149999999999999900 ) ) ;
#2989 = EDGE_CURVE ( 'NONE', #2236, #2752, #3111, .T. ) ;
#2990 = ADVANCED_FACE ( 'NONE', ( #2428 ), #194, .T. ) ;
#2991 = DIRECTION ( 'NONE',  ( -0.9993908270190958700, -0.03489949670249473800, 0.0000000000000000000 ) ) ;
#2992 = SURFACE_STYLE_FILL_AREA ( #1072 ) ;
#2993 = ORIENTED_EDGE ( 'NONE', *, *, #2271, .T. ) ;
#2994 = DIRECTION ( 'NONE',  ( -0.0000000000000000000, -0.0000000000000000000, -1.000000000000000000 ) ) ;
#2995 = LINE ( 'NONE', #802, #2315 ) ;
#2996 = ADVANCED_FACE ( 'NONE', ( #1823 ), #1762, .F. ) ;
#2997 = LINE ( 'NONE', #1079, #2439 ) ;
#2998 = ORIENTED_EDGE ( 'NONE', *, *, #1549, .T. ) ;
#2999 = DIRECTION ( 'NONE',  ( -1.000000000000000000, 0.0000000000000000000, 0.0000000000000000000 ) ) ;
#3000 = VECTOR ( 'NONE', #810, 1000.000000000000200 ) ;
#3001 = ORIENTED_EDGE ( 'NONE', *, *, #2119, .T. ) ;
#3002 = EDGE_CURVE ( 'NONE', #2765, #612, #165, .T. ) ;
#3003 = CARTESIAN_POINT ( 'NONE',  ( 0.7261394185240842600, 0.6079999999999931000, 1.450000000000000000 ) ) ;
#3004 = VECTOR ( 'NONE', #1432, 1000.000000000000100 ) ;
#3005 = ORIENTED_EDGE ( 'NONE', *, *, #725, .F. ) ;
#3006 = CARTESIAN_POINT ( 'NONE',  ( -0.7336044454952124200, 0.9673441386303954800, -1.383604445495211200 ) ) ;
#3007 = VECTOR ( 'NONE', #1479, 1000.000000000000100 ) ;
#3008 = ORIENTED_EDGE ( 'NONE', *, *, #813, .F. ) ;
#3009 = EDGE_CURVE ( 'NONE', #1830, #2416, #1708, .T. ) ;
#3010 = DIRECTION ( 'NONE',  ( -1.000000000000000000, 0.0000000000000000000, 0.0000000000000000000 ) ) ;
#3011 = FACE_OUTER_BOUND ( 'NONE', #1425, .T. ) ;
#3012 = VERTEX_POINT ( 'NONE', #984 ) ;
#3013 = DIRECTION ( 'NONE',  ( 0.03489949670249463400, -0.9993908270190958700, 0.0000000000000000000 ) ) ;
#3014 = DIRECTION ( 'NONE',  ( -1.000000000000000000, 1.315432097626353200E-015, 0.0000000000000000000 ) ) ;
#3015 = LINE ( 'NONE', #2578, #2339 ) ;
#3016 = ORIENTED_EDGE ( 'NONE', *, *, #1123, .F. ) ;
#3017 = CARTESIAN_POINT ( 'NONE',  ( -0.7776064734500255400, 0.7349999999999929900, -1.149999999999999900 ) ) ;
#3018 = ORIENTED_EDGE ( 'NONE', *, *, #3057, .T. ) ;
#3019 = AXIS2_PLACEMENT_3D ( 'NONE', #2596, #1299, #779 ) ;
#3020 = CARTESIAN_POINT ( 'NONE',  ( -1.000000000000000200, 0.4904217513349274400, -0.7500000000000000000 ) ) ;
#3021 = DIRECTION ( 'NONE',  ( -1.000000000000000000, 0.0000000000000000000, 0.0000000000000000000 ) ) ;
#3022 = DIRECTION ( 'NONE',  ( -0.0000000000000000000, -0.0000000000000000000, -1.000000000000000000 ) ) ;
#3023 = DIRECTION ( 'NONE',  ( 9.019168743805712700E-016, 1.000000000000000000, 0.0000000000000000000 ) ) ;
#3024 = PLANE ( 'NONE',  #293 ) ;
#3025 = ORIENTED_EDGE ( 'NONE', *, *, #777, .F. ) ;
#3026 = EDGE_CURVE ( 'NONE', #248, #1968, #1314, .T. ) ;
#3027 = CARTESIAN_POINT ( 'NONE',  ( -0.7432886582947496600, 0.9296260011791140900, 1.393288658294749200 ) ) ;
#3028 = ADVANCED_FACE ( 'NONE', ( #2737 ), #738, .F. ) ;
#3029 = VECTOR ( 'NONE', #3206, 1000.000000000000000 ) ;
#3030 = VERTEX_POINT ( 'NONE', #473 ) ;
#3031 = LINE ( 'NONE', #1324, #206 ) ;
#3032 = CARTESIAN_POINT ( 'NONE',  ( 0.7454506357457743000, 0.9173648177666927600, 1.321590054269858900 ) ) ;
#3033 = LINE ( 'NONE', #2976, #2388 ) ;
#3034 = CARTESIAN_POINT ( 'NONE',  ( -0.7454506357457745300, 0.9173648177666926500, 1.321590054269859100 ) ) ;
#3035 = VERTEX_POINT ( 'NONE', #2743 ) ;
#3036 = DIRECTION ( 'NONE',  ( -1.034393262474579000E-015, -1.000000000000000000, 0.0000000000000000000 ) ) ;
#3037 = VECTOR ( 'NONE', #527, 1000.000000000000000 ) ;
#3038 = ORIENTED_EDGE ( 'NONE', *, *, #2385, .T. ) ;
#3039 =( NAMED_UNIT ( * ) PLANE_ANGLE_UNIT ( ) SI_UNIT ( $, .RADIAN. ) );
#3040 = CARTESIAN_POINT ( 'NONE',  ( -0.6469698604445537300, 1.000000000000000000, -1.296969860444553400 ) ) ;
#3041 = CIRCLE ( 'NONE', #1108, 0.1175782486650656700 ) ;
#3042 = VERTEX_POINT ( 'NONE', #203 ) ;
#3043 = PRODUCT_DEFINITION_FORMATION_WITH_SPECIFIED_SOURCE ( 'ANY', '', #1251, .NOT_KNOWN. ) ;
#3044 = DIRECTION ( 'NONE',  ( -0.1710878697460326000, -0.9702875252478149200, 0.1710878697460326300 ) ) ;
#3045 = LINE ( 'NONE', #2171, #2606 ) ;
#3046 = ORIENTED_EDGE ( 'NONE', *, *, #546, .T. ) ;
#3047 = AXIS2_PLACEMENT_3D ( 'NONE', #1139, #889, #2937 ) ;
#3048 = CARTESIAN_POINT ( 'NONE',  ( 1.126999999999999800, 0.4904217513349277700, -1.149999999999999900 ) ) ;
#3049 = FACE_OUTER_BOUND ( 'NONE', #3141, .T. ) ;
#3050 = CLOSED_SHELL ( 'NONE', ( #1658, #406, #1046, #1942, #424, #791, #934, #1203, #2961, #2284, #2812, #2057, #361, #268 ) ) ;
#3051 = DIRECTION ( 'NONE',  ( 0.0000000000000000000, 0.0000000000000000000, 1.000000000000000000 ) ) ;
#3052 = CARTESIAN_POINT ( 'NONE',  ( -0.8824217513349343900, 0.4904217513349274400, -0.7500000000000000000 ) ) ;
#3053 = CARTESIAN_POINT ( 'NONE',  ( -0.6265159306823716600, 0.1000000000000000300, 1.276515930682371500 ) ) ;
#3054 = ORIENTED_EDGE ( 'NONE', *, *, #673, .F. ) ;
#3055 = AXIS2_PLACEMENT_3D ( 'NONE', #48, #2101, #3161 ) ;
#3056 =( NAMED_UNIT ( * ) PLANE_ANGLE_UNIT ( ) SI_UNIT ( $, .RADIAN. ) );
#3057 = EDGE_CURVE ( 'NONE', #730, #1154, #606, .T. ) ;
#3058 = CARTESIAN_POINT ( 'NONE',  ( 0.6511361245076766600, 0.1826351822333072100, 1.374996705983592100 ) ) ;
#3059 = CARTESIAN_POINT ( 'NONE',  ( 0.7161803569481691700, 0.1326351822333071400, 1.298932037248821100 ) ) ;
#3060 = ORIENTED_EDGE ( 'NONE', *, *, #1104, .F. ) ;
#3061 = CARTESIAN_POINT ( 'NONE',  ( 0.0000000000000000000, 1.000000000000000000, -1.380879823562281700 ) ) ;
#3062 = AXIS2_PLACEMENT_3D ( 'NONE', #1903, #1413, #2936 ) ;
#3063 = CARTESIAN_POINT ( 'NONE',  ( 0.0000000000000000000, 0.0000000000000000000, 0.0000000000000000000 ) ) ;
#3064 = ADVANCED_FACE ( 'NONE', ( #3072 ), #1239, .F. ) ;
#3065 = EDGE_LOOP ( 'NONE', ( #758, #3300, #994, #1412 ) ) ;
#3066 = AXIS2_PLACEMENT_3D ( 'NONE', #2248, #974, #691 ) ;
#3067 = DIRECTION ( 'NONE',  ( 0.9993908270190958700, -0.03489949670249439800, 0.0000000000000000000 ) ) ;
#3068 = CARTESIAN_POINT ( 'NONE',  ( -0.6469698604445537300, 1.000000000000000000, 1.296969860444553400 ) ) ;
#3069 = CARTESIAN_POINT ( 'NONE',  ( 1.236042590882277600, 0.005570741795738105300, -1.149999999999999900 ) ) ;
#3070 = EDGE_CURVE ( 'NONE', #429, #485, #1788, .T. ) ;
#3071 = DIRECTION ( 'NONE',  ( 0.0000000000000000000, -0.0000000000000000000, 1.000000000000000000 ) ) ;
#3072 = FACE_OUTER_BOUND ( 'NONE', #522, .T. ) ;
#3073 = CARTESIAN_POINT ( 'NONE',  ( 0.6715900542698586300, 0.9173648177666926500, -1.395450635745774300 ) ) ;
#3074 = CARTESIAN_POINT ( 'NONE',  ( -0.6409779938970994200, 0.09999973775555186200, 1.290977993897101100 ) ) ;
#3075 = EDGE_CURVE ( 'NONE', #3268, #913, #2865, .T. ) ;
#3076 = CARTESIAN_POINT ( 'NONE',  ( 0.7336044454952128600, 0.9673441386303972500, -1.383604445495211400 ) ) ;
#3077 = VECTOR ( 'NONE', #1523, 1000.000000000000000 ) ;
#3078 = ORIENTED_EDGE ( 'NONE', *, *, #1851, .T. ) ;
#3079 = UNCERTAINTY_MEASURE_WITH_UNIT (LENGTH_MEASURE( 1.000000000000000100E-005 ), #2360, 'distance_accuracy_value', 'NONE');
#3080 = CARTESIAN_POINT ( 'NONE',  ( -0.4250000000000001600, 0.5610912703473988100, -0.9375000000000000000 ) ) ;
#3081 = EDGE_CURVE ( 'NONE', #1740, #2172, #1109, .T. ) ;
#3082 = FACE_OUTER_BOUND ( 'NONE', #3293, .T. ) ;
#3083 = ADVANCED_FACE ( 'NONE', ( #2062 ), #487, .T. ) ;
#3084 = CARTESIAN_POINT ( 'NONE',  ( -1.000000000000000200, 0.4904217513349274400, 1.149999999999999900 ) ) ;
#3085 = CYLINDRICAL_SURFACE ( 'NONE', #1671, 0.2445782486650653900 ) ;
#3086 = ORIENTED_EDGE ( 'NONE', *, *, #483, .T. ) ;
#3087 = CARTESIAN_POINT ( 'NONE',  ( -0.8824217513349343900, 0.4904217513349274400, -0.7500000000000000000 ) ) ;
#3088 = STYLED_ITEM ( 'NONE', ( #3115 ), #2317 ) ;
#3089 = DIRECTION ( 'NONE',  ( -0.0000000000000000000, -0.0000000000000000000, -1.000000000000000000 ) ) ;
#3090 = VECTOR ( 'NONE', #1035, 1000.000000000000000 ) ;
#3091 = CARTESIAN_POINT ( 'NONE',  ( -0.0000000000000000000, 0.1000000000000000500, -1.276515930682371500 ) ) ;
#3092 = ADVANCED_FACE ( 'NONE', ( #1694 ), #1812, .T. ) ;
#3093 = VERTEX_POINT ( 'NONE', #1317 ) ;
#3094 = CARTESIAN_POINT ( 'NONE',  ( 0.6323434104115734900, 0.1000000000000000300, 1.299825849599174800 ) ) ;
#3095 = CIRCLE ( 'NONE', #1855, 0.07499999999999998300 ) ;
#3096 = EDGE_LOOP ( 'NONE', ( #1023, #2033, #3103, #2127 ) ) ;
#3097 = DIRECTION ( 'NONE',  ( 1.000000000000000000, 0.0000000000000000000, 0.0000000000000000000 ) ) ;
#3098 = AXIS2_PLACEMENT_3D ( 'NONE', #372, #892, #2696 ) ;
#3099 = VERTEX_POINT ( 'NONE', #2307 ) ;
#3100 = DIRECTION ( 'NONE',  ( 0.03489949670249463400, -0.9993908270190958700, 0.0000000000000000000 ) ) ;
#3101 = ADVANCED_FACE ( 'NONE', ( #1189 ), #983, .T. ) ;
#3102 = CARTESIAN_POINT ( 'NONE',  ( -0.6498258495991766600, 0.1000000000000000300, 1.282343410411572500 ) ) ;
#3103 = ORIENTED_EDGE ( 'NONE', *, *, #1078, .F. ) ;
#3104 = EDGE_CURVE ( 'NONE', #2445, #269, #1391, .T. ) ;
#3105 = DIRECTION ( 'NONE',  ( -1.000000000000000000, 0.0000000000000000000, 0.0000000000000000000 ) ) ;
#3106 = CARTESIAN_POINT ( 'NONE',  ( -1.126999999999999800, 0.4904217513349274400, -0.7500000000000000000 ) ) ;
#3107 = ORIENTED_EDGE ( 'NONE', *, *, #3247, .T. ) ;
#3108 = CARTESIAN_POINT ( 'NONE',  ( 0.8824217513349343900, 0.7349999999999929900, -0.1999999999999999800 ) ) ;
#3109 = ORIENTED_EDGE ( 'NONE', *, *, #3113, .F. ) ;
#3110 = DIRECTION ( 'NONE',  ( -0.0000000000000000000, -0.0000000000000000000, -1.000000000000000000 ) ) ;
#3111 = LINE ( 'NONE', #2278, #2220 ) ;
#3112 =( NAMED_UNIT ( * ) PLANE_ANGLE_UNIT ( ) SI_UNIT ( $, .RADIAN. ) );
#3113 = EDGE_CURVE ( 'NONE', #2188, #1407, #1066, .T. ) ;
#3114 = LINE ( 'NONE', #946, #2178 ) ;
#3115 = PRESENTATION_STYLE_ASSIGNMENT (( #1980 ) ) ;
#3116 = ORIENTED_EDGE ( 'NONE', *, *, #243, .T. ) ;
#3117 = EDGE_CURVE ( 'NONE', #1568, #1760, #2909, .T. ) ;
#3118 = DIRECTION ( 'NONE',  ( 0.0000000000000000000, -1.000000000000000000, 0.0000000000000000000 ) ) ;
#3119 = DIRECTION ( 'NONE',  ( -0.0000000000000000000, -0.0000000000000000000, -1.000000000000000000 ) ) ;
#3120 = EDGE_CURVE ( 'NONE', #1216, #2652, #1654, .T. ) ;
#3121 = PLANE ( 'NONE',  #1783 ) ;
#3122 = ORIENTED_EDGE ( 'NONE', *, *, #2138, .T. ) ;
#3123 = AXIS2_PLACEMENT_3D ( 'NONE', #2005, #3051, #1516 ) ;
#3124 = DIRECTION ( 'NONE',  ( -1.000000000000000000, 0.0000000000000000000, 0.0000000000000000000 ) ) ;
#3125 = LINE ( 'NONE', #1315, #1040 ) ;
#3126 = ORIENTED_EDGE ( 'NONE', *, *, #3242, .F. ) ;
#3127 = AXIS2_PLACEMENT_3D ( 'NONE', #969, #149, #405 ) ;
#3128 = DIRECTION ( 'NONE',  ( -1.034393262474579000E-015, -1.000000000000000000, 0.0000000000000000000 ) ) ;
#3129 = PRESENTATION_STYLE_ASSIGNMENT (( #279 ) ) ;
#3130 = ORIENTED_EDGE ( 'NONE', *, *, #59, .F. ) ;
#3131 = AXIS2_PLACEMENT_3D ( 'NONE', #1365, #3119, #36 ) ;
#3132 = DIRECTION ( 'NONE',  ( -9.019168743805730500E-016, -1.000000000000000000, -0.0000000000000000000 ) ) ;
#3133 = ORIENTED_EDGE ( 'NONE', *, *, #1462, .F. ) ;
#3134 = VECTOR ( 'NONE', #2427, 1000.000000000000000 ) ;
#3135 = ORIENTED_EDGE ( 'NONE', *, *, #97, .F. ) ;
#3136 = EDGE_CURVE ( 'NONE', #40, #2061, #12, .T. ) ;
#3137 = CARTESIAN_POINT ( 'NONE',  ( 0.7999999999999999300, 0.6079999999999934300, -1.149999999999999900 ) ) ;
#3138 = CARTESIAN_POINT ( 'NONE',  ( 0.7454506357457743000, 0.9173648177666927600, -1.321590054269859100 ) ) ;
#3139 = VECTOR ( 'NONE', #2714, 1000.000000000000000 ) ;
#3140 = EDGE_CURVE ( 'NONE', #3099, #219, #685, .T. ) ;
#3141 = EDGE_LOOP ( 'NONE', ( #2744, #3016, #3204, #1528, #1303, #1137, #2900, #1959, #1697, #789, #129, #230 ) ) ;
#3142 = EDGE_CURVE ( 'NONE', #1730, #962, #2386, .T. ) ;
#3143 = DIRECTION ( 'NONE',  ( 0.0000000000000000000, 0.1736481776669271100, 0.9848077530122086900 ) ) ;
#3144 = DIRECTION ( 'NONE',  ( 0.0000000000000000000, 0.0000000000000000000, 1.000000000000000000 ) ) ;
#3145 = AXIS2_PLACEMENT_3D ( 'NONE', #543, #281, #1581 ) ;
#3146 = CARTESIAN_POINT ( 'NONE',  ( 1.127000000000000000, 0.2500000000000000600, -0.7500000000000000000 ) ) ;
#3147 = DIRECTION ( 'NONE',  ( -1.000000000000000000, -9.019168743805710700E-016, 0.0000000000000000000 ) ) ;
#3148 = DIRECTION ( 'NONE',  ( 0.0000000000000000000, -0.1736481776669273100, -0.9848077530122086900 ) ) ;
#3149 = LINE ( 'NONE', #3048, #2586 ) ;
#3150 = ADVANCED_FACE ( 'NONE', ( #2507 ), #853, .F. ) ;
#3151 = ORIENTED_EDGE ( 'NONE', *, *, #1180, .F. ) ;
#3152 = CARTESIAN_POINT ( 'NONE',  ( -0.4250000000000001600, 0.5610912703473988100, -1.075000000000000000 ) ) ;
#3153 = VECTOR ( 'NONE', #2293, 1000.000000000000000 ) ;
#3154 = ORIENTED_EDGE ( 'NONE', *, *, #2880, .F. ) ;
#3155 = CARTESIAN_POINT ( 'NONE',  ( -0.6265159306823716600, 0.1000000000000000500, -1.276515930682371500 ) ) ;
#3156 = EDGE_CURVE ( 'NONE', #3239, #217, #1472, .T. ) ;
#3157 = DIRECTION ( 'NONE',  ( -9.019168743805730500E-016, -1.000000000000000000, -0.0000000000000000000 ) ) ;
#3158 = LINE ( 'NONE', #2142, #1195 ) ;
#3159 = EDGE_LOOP ( 'NONE', ( #280, #947, #299, #1297 ) ) ;
#3160 = EDGE_CURVE ( 'NONE', #2121, #3093, #329, .T. ) ;
#3161 = DIRECTION ( 'NONE',  ( -1.000000000000000000, 0.0000000000000000000, 0.0000000000000000000 ) ) ;
#3162 = LINE ( 'NONE', #1272, #3333 ) ;
#3163 = AXIS2_PLACEMENT_3D ( 'NONE', #1015, #1547, #2772 ) ;
#3164 = ORIENTED_EDGE ( 'NONE', *, *, #391, .F. ) ;
#3165 = DIRECTION ( 'NONE',  ( 0.0000000000000000000, 0.0000000000000000000, 1.000000000000000000 ) ) ;
#3166 = CARTESIAN_POINT ( 'NONE',  ( -0.6265159306823716600, 0.1000000000000000300, -1.276515930682371500 ) ) ;
#3167 = CARTESIAN_POINT ( 'NONE',  ( 0.6596626930931253100, 1.000000000000000000, -1.347741191038841000 ) ) ;
#3168 = AXIS2_PLACEMENT_3D ( 'NONE', #1188, #437, #2999 ) ;
#3169 = ORIENTED_EDGE ( 'NONE', *, *, #3117, .T. ) ;
#3170 = DIRECTION ( 'NONE',  ( 1.000000000000000000, 0.0000000000000000000, 0.0000000000000000000 ) ) ;
#3171 = LINE ( 'NONE', #1543, #421 ) ;
#3172 = ORIENTED_EDGE ( 'NONE', *, *, #3236, .T. ) ;
#3173 = CARTESIAN_POINT ( 'NONE',  ( -0.0000000000000000000, 0.1000000000000000500, 1.276515930682371500 ) ) ;
#3174 = LINE ( 'NONE', #1371, #2335 ) ;
#3175 = ORIENTED_EDGE ( 'NONE', *, *, #3181, .T. ) ;
#3176 = FACE_OUTER_BOUND ( 'NONE', #2888, .T. ) ;
#3177 = EDGE_CURVE ( 'NONE', #2042, #23, #2350, .T. ) ;
#3178 = DIRECTION ( 'NONE',  ( 0.0000000000000000000, 0.0000000000000000000, 1.000000000000000000 ) ) ;
#3179 = ORIENTED_EDGE ( 'NONE', *, *, #3220, .T. ) ;
#3180 = FILL_AREA_STYLE ('',( #1100 ) ) ;
#3181 = EDGE_CURVE ( 'NONE', #1081, #235, #1229, .T. ) ;
#3182 = DIRECTION ( 'NONE',  ( 1.000000000000000000, 0.0000000000000000000, 0.0000000000000000000 ) ) ;
#3183 = EDGE_LOOP ( 'NONE', ( #43, #2443, #2453, #922 ) ) ;
#3184 = CARTESIAN_POINT ( 'NONE',  ( 1.127000000000000000, 0.2500000000000000600, -0.1999999999999999800 ) ) ;
#3185 = CARTESIAN_POINT ( 'NONE',  ( 0.8824217513349346100, 0.4904217513349276600, -0.7500000000000000000 ) ) ;
#3186 = VERTEX_POINT ( 'NONE', #1661 ) ;
#3187 = ORIENTED_EDGE ( 'NONE', *, *, #3070, .T. ) ;
#3188 = VECTOR ( 'NONE', #602, 1000.000000000000000 ) ;
#3189 = AXIS2_PLACEMENT_3D ( 'NONE', #714, #2780, #3014 ) ;
#3190 = EDGE_LOOP ( 'NONE', ( #1801, #598, #1212, #1931 ) ) ;
#3191 = FACE_OUTER_BOUND ( 'NONE', #2286, .T. ) ;
#3192 = FACE_OUTER_BOUND ( 'NONE', #2746, .T. ) ;
#3193 = ORIENTED_EDGE ( 'NONE', *, *, #632, .T. ) ;
#3194 = CARTESIAN_POINT ( 'NONE',  ( -0.6693859670110031700, 0.9673648177666928100, -1.386634286710351600 ) ) ;
#3195 = CARTESIAN_POINT ( 'NONE',  ( 0.7999999999999999300, 0.6080000000000093100, 1.450000000000000000 ) ) ;
#3196 = LINE ( 'NONE', #639, #176 ) ;
#3197 = ORIENTED_EDGE ( 'NONE', *, *, #3199, .F. ) ;
#3198 = PLANE ( 'NONE',  #2423 ) ;
#3199 = EDGE_CURVE ( 'NONE', #717, #2652, #364, .T. ) ;
#3200 = LINE ( 'NONE', #2587, #2187 ) ;
#3201 = ORIENTED_EDGE ( 'NONE', *, *, #1960, .T. ) ;
#3202 = DIRECTION ( 'NONE',  ( -0.9993908270190958700, -0.03489949670249473800, 0.0000000000000000000 ) ) ;
#3203 = LINE ( 'NONE', #2494, #298 ) ;
#3204 = ORIENTED_EDGE ( 'NONE', *, *, #1283, .F. ) ;
#3205 = CARTESIAN_POINT ( 'NONE',  ( -0.4250000000000001600, 0.9499999999999999600, -1.075000000000000000 ) ) ;
#3206 = DIRECTION ( 'NONE',  ( -0.0000000000000000000, -0.0000000000000000000, -1.000000000000000000 ) ) ;
#3207 = ORIENTED_EDGE ( 'NONE', *, *, #1993, .F. ) ;
#3208 = VECTOR ( 'NONE', #2090, 1000.000000000000000 ) ;
#3209 = VERTEX_POINT ( 'NONE', #2155 ) ;
#3210 = CARTESIAN_POINT ( 'NONE',  ( -1.240474826963494000, 0.1324933768271628900, 1.149999999999999900 ) ) ;
#3211 = ORIENTED_EDGE ( 'NONE', *, *, #749, .F. ) ;
#3212 = CARTESIAN_POINT ( 'NONE',  ( -1.395567763918783100, -2.563694073882670400E-016, -0.7500000000000000000 ) ) ;
#3213 = CARTESIAN_POINT ( 'NONE',  ( -1.244578248665065600, 0.2499999999999997800, 1.149999999999999900 ) ) ;
#3214 = ORIENTED_EDGE ( 'NONE', *, *, #2873, .F. ) ;
#3215 = UNCERTAINTY_MEASURE_WITH_UNIT (LENGTH_MEASURE( 1.000000000000000100E-005 ), #2282, 'distance_accuracy_value', 'NONE');
#3216 = DIRECTION ( 'NONE',  ( -0.0000000000000000000, -0.0000000000000000000, -1.000000000000000000 ) ) ;
#3217 = CARTESIAN_POINT ( 'NONE',  ( 0.7249967059835922300, 0.1826351822333073200, 1.301136124507676700 ) ) ;
#3218 = ORIENTED_EDGE ( 'NONE', *, *, #453, .T. ) ;
#3219 = DIRECTION ( 'NONE',  ( -0.0000000000000000000, -0.0000000000000000000, -1.000000000000000000 ) ) ;
#3220 = EDGE_CURVE ( 'NONE', #765, #1724, #283, .T. ) ;
#3221 = DIRECTION ( 'NONE',  ( 0.1710878697460326000, 0.9702875252478149200, 0.1710878697460326300 ) ) ;
#3222 = CIRCLE ( 'NONE', #891, 0.2445782486650656100 ) ;
#3223 = AXIS2_PLACEMENT_3D ( 'NONE', #360, #854, #2906 ) ;
#3224 = VERTEX_POINT ( 'NONE', #119 ) ;
#3225 = FACE_OUTER_BOUND ( 'NONE', #2527, .T. ) ;
#3226 = CARTESIAN_POINT ( 'NONE',  ( -0.7290722894489150000, 0.9616486110369094600, -1.317495467695643400 ) ) ;
#3227 = ADVANCED_FACE ( 'NONE', ( #566 ), #1889, .F. ) ;
#3228 = CIRCLE ( 'NONE', #2973, 0.2445782486650656100 ) ;
#3229 = EDGE_LOOP ( 'NONE', ( #1561, #699, #3296, #2724 ) ) ;
#3230 = CARTESIAN_POINT ( 'NONE',  ( -0.8824217513349343900, 0.6079999999999932100, 1.149999999999999900 ) ) ;
#3231 = AXIS2_PLACEMENT_3D ( 'NONE', #755, #529, #2319 ) ;
#3232 = CARTESIAN_POINT ( 'NONE',  ( 0.6715900542698587400, 0.9173648177666926500, 1.395450635745774300 ) ) ;
#3233 = FACE_OUTER_BOUND ( 'NONE', #3229, .T. ) ;
#3234 = CARTESIAN_POINT ( 'NONE',  ( -0.4250000000000001600, 0.9499999999999999600, -0.9375000000000000000 ) ) ;
#3235 = VERTEX_POINT ( 'NONE', #1181 ) ;
#3236 = EDGE_CURVE ( 'NONE', #2230, #2654, #2944, .T. ) ;
#3237 = CARTESIAN_POINT ( 'NONE',  ( -0.0000000000000000000, 0.2000000000000000400, 1.276515930682371500 ) ) ;
#3238 = LINE ( 'NONE', #1124, #1400 ) ;
#3239 = VERTEX_POINT ( 'NONE', #2201 ) ;
#3240 = DIRECTION ( 'NONE',  ( 1.000000000000000000, 0.0000000000000000000, 0.0000000000000000000 ) ) ;
#3241 = ORIENTED_EDGE ( 'NONE', *, *, #1570, .F. ) ;
#3242 = EDGE_CURVE ( 'NONE', #1244, #717, #3222, .T. ) ;
#3243 =( LENGTH_UNIT ( ) NAMED_UNIT ( * ) SI_UNIT ( .MILLI., .METRE. ) );
#3244 =( LENGTH_UNIT ( ) NAMED_UNIT ( * ) SI_UNIT ( .MILLI., .METRE. ) );
#3245 = FACE_OUTER_BOUND ( 'NONE', #1054, .T. ) ;
#3246 = VERTEX_POINT ( 'NONE', #2689 ) ;
#3247 = EDGE_CURVE ( 'NONE', #1390, #1541, #1781, .T. ) ;
#3248 = CARTESIAN_POINT ( 'NONE',  ( -0.8000000000000001600, 0.6079999999999931000, 1.450000000000000000 ) ) ;
#3249 = CARTESIAN_POINT ( 'NONE',  ( -0.7776064734500255400, 0.7349999999999929900, -0.7500000000000000000 ) ) ;
#3250 = ADVANCED_FACE ( 'NONE', ( #3225 ), #1205, .F. ) ;
#3251 = ORIENTED_EDGE ( 'NONE', *, *, #223, .T. ) ;
#3252 = ADVANCED_FACE ( 'NONE', ( #121 ), #2452, .T. ) ;
#3253 = CARTESIAN_POINT ( 'NONE',  ( -0.8824217513349343900, 0.4904217513349274400, 0.7500000000000000000 ) ) ;
#3254 = LINE ( 'NONE', #2358, #633 ) ;
#3255 = EDGE_LOOP ( 'NONE', ( #1935, #245, #3025, #2490 ) ) ;
#3256 = AXIS2_PLACEMENT_3D ( 'NONE', #211, #2043, #1284 ) ;
#3257 = CARTESIAN_POINT ( 'NONE',  ( -0.7120332716136555900, 0.9835547542156355400, -1.362033271613653000 ) ) ;
#3258 = ORIENTED_EDGE ( 'NONE', *, *, #411, .F. ) ;
#3259 = CARTESIAN_POINT ( 'NONE',  ( 0.6469698604445534000, 0.9000000000000000200, 0.0000000000000000000 ) ) ;
#3260 = DIRECTION ( 'NONE',  ( 0.0000000000000000000, 0.0000000000000000000, 1.000000000000000000 ) ) ;
#3261 = CARTESIAN_POINT ( 'NONE',  ( 0.7366342867103512500, 0.9673648177666928100, 1.319385967011003300 ) ) ;
#3262 = ORIENTED_EDGE ( 'NONE', *, *, #197, .T. ) ;
#3263 = PLANE ( 'NONE',  #188 ) ;
#3264 = ORIENTED_EDGE ( 'NONE', *, *, #2320, .F. ) ;
#3265 =( BOUNDED_SURFACE ( )  B_SPLINE_SURFACE ( 3, 2, ( 
 ( #1509, #3027, #975 ),
 ( #1263, #1247, #3317 ),
 ( #733, #2776, #2539 ),
 ( #1502, #220, #965 ),
 ( #2016, #694, #1767 ),
 ( #3294, #481, #2031 ) ),
 .UNSPECIFIED., .F., .F., .F. ) 
 B_SPLINE_SURFACE_WITH_KNOTS ( ( 4, 2, 4 ),
 ( 3, 3 ),
 ( 3.316125578789222300, 4.014257279586956000, 4.712388980384689700 ),
 ( 0.0000000000000000000, 1.000000000000000000 ),
 .UNSPECIFIED. ) 
 GEOMETRIC_REPRESENTATION_ITEM ( )  RATIONAL_B_SPLINE_SURFACE ( (
 ( 1.000000000000000000, 0.7176885430348755000, 1.000000000000000000),
 ( 1.000000000000000000, 0.7454573872795403600, 1.000000000000000000),
 ( 1.000000000000000000, 0.8264515659729936300, 1.000000000000000000),
 ( 1.000000000000000000, 0.9550220312680459700, 1.000000000000000000),
 ( 1.000000000000000000, 1.001678127009431300, 1.000000000000000000),
 ( 1.000000000000000000, 1.000000000000000000, 1.000000000000000000) ) ) 
 REPRESENTATION_ITEM ( '' )  SURFACE ( )  );
#3266 = CARTESIAN_POINT ( 'NONE',  ( -0.7776064734500255400, 0.7349999999999929900, 0.7500000000000000000 ) ) ;
#3267 = DIRECTION ( 'NONE',  ( -0.0000000000000000000, -0.0000000000000000000, -1.000000000000000000 ) ) ;
#3268 = VERTEX_POINT ( 'NONE', #906 ) ;
#3269 = CARTESIAN_POINT ( 'NONE',  ( -0.6705780899396778200, 0.9403193668171195800, -1.391403129418188300 ) ) ;
#3270 = VERTEX_POINT ( 'NONE', #2959 ) ;
#3271 = LINE ( 'NONE', #1506, #640 ) ;
#3272 = AXIS2_PLACEMENT_3D ( 'NONE', #2131, #65, #1867 ) ;
#3273 = CARTESIAN_POINT ( 'NONE',  ( 1.395567763918783600, 8.544611162700630100E-017, -1.149999999999999900 ) ) ;
#3274 = ORIENTED_EDGE ( 'NONE', *, *, #2814, .T. ) ;
#3275 = CARTESIAN_POINT ( 'NONE',  ( 1.000000000000000000, 0.2500000000000004400, 0.7500000000000000000 ) ) ;
#3276 = CARTESIAN_POINT ( 'NONE',  ( 0.7776064734500255400, 0.7349999999999932100, 0.1999999999999999800 ) ) ;
#3277 = VECTOR ( 'NONE', #907, 1000.000000000000000 ) ;
#3278 = ORIENTED_EDGE ( 'NONE', *, *, #300, .T. ) ;
#3279 = VECTOR ( 'NONE', #2615, 1000.000000000000000 ) ;
#3280 = AXIS2_PLACEMENT_3D ( 'NONE', #56, #46, #861 ) ;
#3281 = VECTOR ( 'NONE', #2530, 999.9999999999998900 ) ;
#3282 = DIRECTION ( 'NONE',  ( 1.000000000000000000, -9.019168743805730500E-016, 0.0000000000000000000 ) ) ;
#3283 = DIRECTION ( 'NONE',  ( -0.9993908270190958700, 0.03489949670249473100, 0.0000000000000000000 ) ) ;
#3284 = VECTOR ( 'NONE', #1885, 1000.000000000000000 ) ;
#3285 = CARTESIAN_POINT ( 'NONE',  ( 0.6469698604445534000, 1.000000000000000000, 1.296969860444553400 ) ) ;
#3286 = AXIS2_PLACEMENT_3D ( 'NONE', #1833, #3128, #2848 ) ;
#3287 = CARTESIAN_POINT ( 'NONE',  ( 0.8824217513349346100, 0.4904217513349276600, 0.7500000000000000000 ) ) ;
#3288 = LINE ( 'NONE', #3137, #295 ) ;
#3289 = ORIENTED_EDGE ( 'NONE', *, *, #3075, .T. ) ;
#3290 = EDGE_CURVE ( 'NONE', #2004, #1978, #1312, .T. ) ;
#3291 = LINE ( 'NONE', #394, #2798 ) ;
#3292 = CARTESIAN_POINT ( 'NONE',  ( -0.7249967059835925600, 0.1826351822333072700, 1.301136124507676500 ) ) ;
#3293 = EDGE_LOOP ( 'NONE', ( #2186, #1430, #579, #841 ) ) ;
#3294 = CARTESIAN_POINT ( 'NONE',  ( -0.6469698604445537300, 1.000000000000000000, 1.296969860444553400 ) ) ;
#3295 = CYLINDRICAL_SURFACE ( 'NONE', #1733, 0.1375000000000000400 ) ;
#3296 = ORIENTED_EDGE ( 'NONE', *, *, #583, .F. ) ;
#3297 = EDGE_CURVE ( 'NONE', #637, #3338, #2905, .T. ) ;
#3298 = DIRECTION ( 'NONE',  ( -0.0000000000000000000, -0.0000000000000000000, -1.000000000000000000 ) ) ;
#3299 = FACE_OUTER_BOUND ( 'NONE', #1373, .T. ) ;
#3300 = ORIENTED_EDGE ( 'NONE', *, *, #2320, .T. ) ;
#3301 = DIRECTION ( 'NONE',  ( -0.0000000000000000000, -0.0000000000000000000, -1.000000000000000000 ) ) ;
#3302 = CARTESIAN_POINT ( 'NONE',  ( 1.236042590882277600, 0.005570741795738105300, -0.7500000000000000000 ) ) ;
#3303 = CARTESIAN_POINT ( 'NONE',  ( -0.4250000000000001600, 0.9499999999999999600, -1.075000000000000000 ) ) ;
#3304 = CIRCLE ( 'NONE', #3055, 0.1175782486650656700 ) ;
#3305 = CARTESIAN_POINT ( 'NONE',  ( 0.8824217513349346100, 0.4904217513349276600, 1.149999999999999900 ) ) ;
#3306 = ADVANCED_FACE ( 'NONE', ( #2173 ), #2546, .F. ) ;
#3307 = ORIENTED_EDGE ( 'NONE', *, *, #2140, .T. ) ;
#3308 = CARTESIAN_POINT ( 'NONE',  ( 1.240474826963494000, 0.1324933768271632200, -1.149999999999999900 ) ) ;
#3309 = CARTESIAN_POINT ( 'NONE',  ( 1.240474826963494000, 0.1324933768271632200, 1.149999999999999900 ) ) ;
#3310 = DIRECTION ( 'NONE',  ( -0.0000000000000000000, -0.0000000000000000000, -1.000000000000000000 ) ) ;
#3311 = CARTESIAN_POINT ( 'NONE',  ( -0.8000000000000001600, 0.6079999999999931000, -1.376139418524081400 ) ) ;
#3312 = EDGE_CURVE ( 'NONE', #1541, #1094, #325, .T. ) ;
#3313 = APPLICATION_CONTEXT ( 'automotive_design' ) ;
#3314 = CARTESIAN_POINT ( 'NONE',  ( -0.6323434104115728300, 0.1000000000000000300, 1.299825849599176100 ) ) ;
#3315 = EDGE_CURVE ( 'NONE', #2230, #2188, #3271, .T. ) ;
#3316 = SURFACE_STYLE_FILL_AREA ( #2499 ) ;
#3317 = CARTESIAN_POINT ( 'NONE',  ( -0.7414031294181883100, 0.9403193668171213600, 1.320578089939676600 ) ) ;
#3318 = ORIENTED_EDGE ( 'NONE', *, *, #632, .F. ) ;
#3319 = DIRECTION ( 'NONE',  ( 0.0000000000000000000, 1.000000000000000000, 0.0000000000000000000 ) ) ;
#3320 = CARTESIAN_POINT ( 'NONE',  ( -0.6265159306823716600, 0.1000000000000000500, -1.276515930682371500 ) ) ;
#3321 = ADVANCED_FACE ( 'NONE', ( #87 ), #208, .T. ) ;
#3322 = ORIENTED_EDGE ( 'NONE', *, *, #524, .F. ) ;
#3323 = CIRCLE ( 'NONE', #2353, 0.2445782486650656100 ) ;
#3324 = EDGE_LOOP ( 'NONE', ( #1720, #349, #970, #2424 ) ) ;
#3325 = MECHANICAL_DESIGN_GEOMETRIC_PRESENTATION_REPRESENTATION (  '', ( #3088 ), #316 ) ;
#3326 = DIRECTION ( 'NONE',  ( 0.0000000000000000000, 0.0000000000000000000, -1.000000000000000000 ) ) ;
#3327 = CARTESIAN_POINT ( 'NONE',  ( -0.4250000000000001600, 0.9499999999999999600, -1.212500000000000100 ) ) ;
#3328 = LINE ( 'NONE', #2506, #1743 ) ;
#3329 = ORIENTED_EDGE ( 'NONE', *, *, #1752, .T. ) ;
#3330 = UNCERTAINTY_MEASURE_WITH_UNIT (LENGTH_MEASURE( 1.000000000000000100E-005 ), #41, 'distance_accuracy_value', 'NONE');
#3331 = CARTESIAN_POINT ( 'NONE',  ( -0.6392087633309435600, 0.1000000000000000500, 1.327287261276658900 ) ) ;
#3332 = CARTESIAN_POINT ( 'NONE',  ( 0.6265159306823709900, 0.1000000000000000300, 1.276515930682371500 ) ) ;
#3333 = VECTOR ( 'NONE', #8, 1000.000000000000200 ) ;
#3334 = ORIENTED_EDGE ( 'NONE', *, *, #480, .F. ) ;
#3335 = DIRECTION ( 'NONE',  ( -0.03489949670249122000, -0.9993908270190959800, 0.0000000000000000000 ) ) ;
#3336 = DIRECTION ( 'NONE',  ( 1.000000000000000000, 0.0000000000000000000, 0.0000000000000000000 ) ) ;
#3337 = FACE_OUTER_BOUND ( 'NONE', #196, .T. ) ;
#3338 = VERTEX_POINT ( 'NONE', #1765 ) ;
#3339 =( GEOMETRIC_REPRESENTATION_CONTEXT ( 3 ) GLOBAL_UNCERTAINTY_ASSIGNED_CONTEXT ( ( #614 ) ) GLOBAL_UNIT_ASSIGNED_CONTEXT ( ( #1870, #2420, #574 ) ) REPRESENTATION_CONTEXT ( 'NONE', 'WORKASPACE' ) );
#3340 = CARTESIAN_POINT ( 'NONE',  ( -0.6265159306823716600, 0.1000000000000000300, 1.276515930682371500 ) ) ;
#3341 = ORIENTED_EDGE ( 'NONE', *, *, #2246, .F. ) ;
#3342 = CARTESIAN_POINT ( 'NONE',  ( 0.6674954676956442700, 0.9616486110369076900, -1.379072289448916700 ) ) ;
#3343 = PRODUCT_DEFINITION_CONTEXT ( 'detailed design', #743, 'design' ) ;
#3344 = EDGE_CURVE ( 'NONE', #3268, #1375, #241, .T. ) ;
#3345 = CYLINDRICAL_SURFACE ( 'NONE', #1709, 0.07499999999999998300 ) ;
#3346 = ORIENTED_EDGE ( 'NONE', *, *, #1510, .F. ) ;
ENDSEC;
END-ISO-10303-21;
